,PCODE,CLIENT_NM,Date,ACCTID,CCODE,CENSUS,Group_ID,CENSUS_EFF_DT,Total_Claims
0,AALT-P,Analytic Alternative dba APEX Mgmt Group Special Services,2024-01-01,1230.0,AALTSS AMICIFD,5.0,1230SS0183,2022-09-01,1
1,AALT-P,Analytic Alternative dba APEX Mgmt Group Special Services,2024-01-01,1230.0,AALTSS ANTIOCH,5.0,1230SS0194,2022-08-01,1
2,AALT-P,Analytic Alternative dba APEX Mgmt Group Special Services,2024-01-01,1230.0,AALTSS ARDANSC,5.0,1230SS0315,2022-10-01,2
3,AALT-P,Analytic Alternative dba APEX Mgmt Group Special Services,2024-01-01,1230.0,AALTSS BREEZEI,5.0,1230SS0290,2022-09-01,2
4,AALT-P,Analytic Alternative dba APEX Mgmt Group Special Services,2024-01-01,1230.0,AALTSS BRMAINV,1.0,1230SS0231,2025-01-01,3
5,AALT-P,Analytic Alternative dba APEX Mgmt Group Special Services,2024-01-01,1230.0,AALTSS CHCA001,5.0,1230SS0003,2022-10-01,5
6,AALT-P,Analytic Alternative dba APEX Mgmt Group Special Services,2024-01-01,1230.0,AALTSS CNCSTNE,5.0,1230SS0360,2022-08-01,2
7,AALT-P,Analytic Alternative dba APEX Mgmt Group Special Services,2024-01-01,1230.0,AALTSS DIABULD,5.0,1230SS0270,2022-06-01,2
8,AALT-P,Analytic Alternative dba APEX Mgmt Group Special Services,2024-01-01,1230.0,AALTSS DIACARG,5.0,1230SS0271,2022-06-01,1
9,AALT-P,Analytic Alternative dba APEX Mgmt Group Special Services,2024-01-01,1230.0,AALTSS EFCNTFI,5.0,1230SS0216,2022-12-01,5
10,AALT-P,Analytic Alternative dba APEX Mgmt Group Special Services,2024-01-01,1230.0,AALTSS GNHC001,5.0,1230SS0044,2022-10-01,14
11,AALT-P,Analytic Alternative dba APEX Mgmt Group Special Services,2024-01-01,1230.0,AALTSS HEXAGNG,5.0,1230SS0301,2022-11-01,1
12,AALT-P,Analytic Alternative dba APEX Mgmt Group Special Services,2024-01-01,1230.0,AALTSS JMBOFUN,5.0,1230SS0219,2022-10-01,1
13,AALT-P,Analytic Alternative dba APEX Mgmt Group Special Services,2024-01-01,1230.0,AALTSS KHHOMEH,5.0,1230SS0347,2022-06-01,1
14,AALT-P,Analytic Alternative dba APEX Mgmt Group Special Services,2024-01-01,1230.0,AALTSS OPCONMS,5.0,1230SS0145,2022-06-01,1
15,AALT-P,Analytic Alternative dba APEX Mgmt Group Special Services,2024-01-01,1230.0,AALTSS PASTHDS,5.0,1230SS0169,2022-05-01,2
16,AALT-P,Analytic Alternative dba APEX Mgmt Group Special Services,2024-01-01,1230.0,AALTSS PLAT001,5.0,1230SS0098,2022-07-01,1
17,AALT-P,Analytic Alternative dba APEX Mgmt Group Special Services,2024-01-01,1230.0,AALTSS REBECRP,5.0,1230SS0281,2022-06-01,2
18,AALT-P,Analytic Alternative dba APEX Mgmt Group Special Services,2024-01-01,1230.0,AALTSS RKHLTHC,5.0,1230SS0230,2022-12-01,2
19,AALT-P,Analytic Alternative dba APEX Mgmt Group Special Services,2024-01-01,1230.0,AALTSS SPABELL,5.0,1230SS0134,2022-05-01,1
20,AALT-P,Analytic Alternative dba APEX Mgmt Group Special Services,2024-01-01,1230.0,AALTSS SPHGHSP,5.0,1230SS0151,2022-07-01,7
21,AALT-P,Analytic Alternative dba APEX Mgmt Group Special Services,2024-01-01,1230.0,AALTSS TLENTSL,5.0,1230SS0302,2022-11-01,3
22,AALT-P,Analytic Alternative dba APEX Mgmt Group Special Services,2024-02-01,1230.0,AALTSS AMSCNIL,5.0,1230SS0359,2022-08-01,5
23,AALT-P,Analytic Alternative dba APEX Mgmt Group Special Services,2024-02-01,1230.0,AALTSS ANTIOCH,5.0,1230SS0194,2022-08-01,1
24,AALT-P,Analytic Alternative dba APEX Mgmt Group Special Services,2024-02-01,1230.0,AALTSS ARDANSC,5.0,1230SS0315,2022-10-01,2
25,AALT-P,Analytic Alternative dba APEX Mgmt Group Special Services,2024-02-01,1230.0,AALTSS AUSACTX,5.0,1230SS0350,2022-06-01,1
26,AALT-P,Analytic Alternative dba APEX Mgmt Group Special Services,2024-02-01,1230.0,AALTSS BBNS001,5.0,1230SS0047,2022-12-01,3
27,AALT-P,Analytic Alternative dba APEX Mgmt Group Special Services,2024-02-01,1230.0,AALTSS BRDRMSC,5.0,1230SS0201,2022-12-01,2
28,AALT-P,Analytic Alternative dba APEX Mgmt Group Special Services,2024-02-01,1230.0,AALTSS BREEZEI,5.0,1230SS0290,2022-09-01,9
29,AALT-P,Analytic Alternative dba APEX Mgmt Group Special Services,2024-02-01,1230.0,AALTSS CNCSTNE,5.0,1230SS0360,2022-08-01,1
30,AALT-P,Analytic Alternative dba APEX Mgmt Group Special Services,2024-02-01,1230.0,AALTSS DIABULD,5.0,1230SS0270,2022-06-01,5
31,AALT-P,Analytic Alternative dba APEX Mgmt Group Special Services,2024-02-01,1230.0,AALTSS DIACARG,5.0,1230SS0271,2022-06-01,1
32,AALT-P,Analytic Alternative dba APEX Mgmt Group Special Services,2024-02-01,1230.0,AALTSS EFCNTFI,5.0,1230SS0216,2022-12-01,3
33,AALT-P,Analytic Alternative dba APEX Mgmt Group Special Services,2024-02-01,1230.0,AALTSS GNHC001,5.0,1230SS0044,2022-10-01,11
34,AALT-P,Analytic Alternative dba APEX Mgmt Group Special Services,2024-02-01,1230.0,AALTSS HEXAGNG,5.0,1230SS0301,2022-11-01,1
35,AALT-P,Analytic Alternative dba APEX Mgmt Group Special Services,2024-02-01,1230.0,AALTSS NBCI001,5.0,1230SS0029,2022-06-01,1
36,AALT-P,Analytic Alternative dba APEX Mgmt Group Special Services,2024-02-01,1230.0,AALTSS NLNENTR,5.0,1230SS0355,2022-07-01,7
37,AALT-P,Analytic Alternative dba APEX Mgmt Group Special Services,2024-02-01,1230.0,AALTSS OPCONMS,5.0,1230SS0145,2022-06-01,1
38,AALT-P,Analytic Alternative dba APEX Mgmt Group Special Services,2024-02-01,1230.0,AALTSS PASTHDS,5.0,1230SS0169,2022-05-01,1
39,AALT-P,Analytic Alternative dba APEX Mgmt Group Special Services,2024-02-01,1230.0,AALTSS PLAT001,5.0,1230SS0098,2022-07-01,6
40,AALT-P,Analytic Alternative dba APEX Mgmt Group Special Services,2024-02-01,1230.0,AALTSS RAVEBIZ,5.0,1230SS0275,2022-06-01,2
41,AALT-P,Analytic Alternative dba APEX Mgmt Group Special Services,2024-02-01,1230.0,AALTSS RKHLTHC,5.0,1230SS0230,2022-12-01,3
42,AALT-P,Analytic Alternative dba APEX Mgmt Group Special Services,2024-02-01,1230.0,AALTSS TLENTSL,5.0,1230SS0302,2022-11-01,2
43,AALT-P,Analytic Alternative dba APEX Mgmt Group Special Services,2024-03-01,1230.0,AALTSS ANTIOCH,5.0,1230SS0194,2022-08-01,2
44,AALT-P,Analytic Alternative dba APEX Mgmt Group Special Services,2024-03-01,1230.0,AALTSS AUSACTX,5.0,1230SS0350,2022-06-01,1
45,AALT-P,Analytic Alternative dba APEX Mgmt Group Special Services,2024-03-01,1230.0,AALTSS BBNS001,5.0,1230SS0047,2022-12-01,4
46,AALT-P,Analytic Alternative dba APEX Mgmt Group Special Services,2024-03-01,1230.0,AALTSS BRDRMSC,5.0,1230SS0201,2022-12-01,4
47,AALT-P,Analytic Alternative dba APEX Mgmt Group Special Services,2024-03-01,1230.0,AALTSS CHCA001,5.0,1230SS0003,2022-10-01,1
48,AALT-P,Analytic Alternative dba APEX Mgmt Group Special Services,2024-03-01,1230.0,AALTSS DIACARG,5.0,1230SS0271,2022-06-01,3
49,AALT-P,Analytic Alternative dba APEX Mgmt Group Special Services,2024-03-01,1230.0,AALTSS EFCNTFI,5.0,1230SS0216,2022-12-01,7
50,AALT-P,Analytic Alternative dba APEX Mgmt Group Special Services,2024-03-01,1230.0,AALTSS GLDENYR,5.0,1230SS0367,2022-12-01,2
51,AALT-P,Analytic Alternative dba APEX Mgmt Group Special Services,2024-03-01,1230.0,AALTSS GNHC001,5.0,1230SS0044,2022-10-01,2
52,AALT-P,Analytic Alternative dba APEX Mgmt Group Special Services,2024-03-01,1230.0,AALTSS JALARAM,5.0,1230SS0133,2022-06-01,1
53,AALT-P,Analytic Alternative dba APEX Mgmt Group Special Services,2024-03-01,1230.0,AALTSS MJSTCFA,5.0,1230SS0179,2022-08-01,3
54,AALT-P,Analytic Alternative dba APEX Mgmt Group Special Services,2024-03-01,1230.0,AALTSS NBCI001,5.0,1230SS0029,2022-06-01,1
55,AALT-P,Analytic Alternative dba APEX Mgmt Group Special Services,2024-03-01,1230.0,AALTSS NEBU001,5.0,1230SS0030,2022-06-01,1
56,AALT-P,Analytic Alternative dba APEX Mgmt Group Special Services,2024-03-01,1230.0,AALTSS NLASHAN,5.0,1230SS0361,2022-08-01,1
57,AALT-P,Analytic Alternative dba APEX Mgmt Group Special Services,2024-03-01,1230.0,AALTSS NLNENTR,5.0,1230SS0355,2022-07-01,5
58,AALT-P,Analytic Alternative dba APEX Mgmt Group Special Services,2024-03-01,1230.0,AALTSS OPCONMS,5.0,1230SS0145,2022-06-01,6
59,AALT-P,Analytic Alternative dba APEX Mgmt Group Special Services,2024-03-01,1230.0,AALTSS PASTHDS,5.0,1230SS0169,2022-05-01,2
60,AALT-P,Analytic Alternative dba APEX Mgmt Group Special Services,2024-03-01,1230.0,AALTSS PLAT001,5.0,1230SS0098,2022-07-01,4
61,AALT-P,Analytic Alternative dba APEX Mgmt Group Special Services,2024-03-01,1230.0,AALTSS PMTLBCT,5.0,1230SS0279,2022-06-01,5
62,AALT-P,Analytic Alternative dba APEX Mgmt Group Special Services,2024-03-01,1230.0,AALTSS RAVEBIZ,5.0,1230SS0275,2022-06-01,1
63,AALT-P,Analytic Alternative dba APEX Mgmt Group Special Services,2024-03-01,1230.0,AALTSS RKHLTHC,5.0,1230SS0230,2022-12-01,20
64,AALT-P,Analytic Alternative dba APEX Mgmt Group Special Services,2024-04-01,1230.0,AALTSS ANTIOCH,5.0,1230SS0194,2022-08-01,2
65,AALT-P,Analytic Alternative dba APEX Mgmt Group Special Services,2024-04-01,1230.0,AALTSS BBNS001,5.0,1230SS0047,2022-12-01,1
66,AALT-P,Analytic Alternative dba APEX Mgmt Group Special Services,2024-04-01,1230.0,AALTSS BRDRMSC,5.0,1230SS0201,2022-12-01,1
67,AALT-P,Analytic Alternative dba APEX Mgmt Group Special Services,2024-04-01,1230.0,AALTSS BREEZEI,5.0,1230SS0290,2022-09-01,2
68,AALT-P,Analytic Alternative dba APEX Mgmt Group Special Services,2024-04-01,1230.0,AALTSS CHCA001,5.0,1230SS0003,2022-10-01,1
69,AALT-P,Analytic Alternative dba APEX Mgmt Group Special Services,2024-04-01,1230.0,AALTSS CNCSTNE,5.0,1230SS0360,2022-08-01,1
70,AALT-P,Analytic Alternative dba APEX Mgmt Group Special Services,2024-04-01,1230.0,AALTSS DIABULD,5.0,1230SS0270,2022-06-01,5
71,AALT-P,Analytic Alternative dba APEX Mgmt Group Special Services,2024-04-01,1230.0,AALTSS DIACARG,5.0,1230SS0271,2022-06-01,5
72,AALT-P,Analytic Alternative dba APEX Mgmt Group Special Services,2024-04-01,1230.0,AALTSS EFCNTFI,5.0,1230SS0216,2022-12-01,6
73,AALT-P,Analytic Alternative dba APEX Mgmt Group Special Services,2024-04-01,1230.0,AALTSS GNHC001,5.0,1230SS0044,2022-10-01,7
74,AALT-P,Analytic Alternative dba APEX Mgmt Group Special Services,2024-04-01,1230.0,AALTSS HEXAGNG,5.0,1230SS0301,2022-11-01,1
75,AALT-P,Analytic Alternative dba APEX Mgmt Group Special Services,2024-04-01,1230.0,AALTSS JALARAM,5.0,1230SS0133,2022-06-01,1
76,AALT-P,Analytic Alternative dba APEX Mgmt Group Special Services,2024-04-01,1230.0,AALTSS MJSTCFA,5.0,1230SS0179,2022-08-01,4
77,AALT-P,Analytic Alternative dba APEX Mgmt Group Special Services,2024-04-01,1230.0,AALTSS NEBU001,5.0,1230SS0030,2022-06-01,1
78,AALT-P,Analytic Alternative dba APEX Mgmt Group Special Services,2024-04-01,1230.0,AALTSS NLASHAN,5.0,1230SS0361,2022-08-01,3
79,AALT-P,Analytic Alternative dba APEX Mgmt Group Special Services,2024-04-01,1230.0,AALTSS NLNENTR,5.0,1230SS0355,2022-07-01,2
80,AALT-P,Analytic Alternative dba APEX Mgmt Group Special Services,2024-04-01,1230.0,AALTSS OPCONMS,5.0,1230SS0145,2022-06-01,2
81,AALT-P,Analytic Alternative dba APEX Mgmt Group Special Services,2024-04-01,1230.0,AALTSS PASTHDS,5.0,1230SS0169,2022-05-01,2
82,AALT-P,Analytic Alternative dba APEX Mgmt Group Special Services,2024-04-01,1230.0,AALTSS RKHLTHC,5.0,1230SS0230,2022-12-01,5
83,AALT-P,Analytic Alternative dba APEX Mgmt Group Special Services,2024-04-01,1230.0,AALTSS SPABELL,5.0,1230SS0134,2022-05-01,1
84,AALT-P,Analytic Alternative dba APEX Mgmt Group Special Services,2024-04-01,1230.0,AALTSS SPHGHSP,5.0,1230SS0151,2022-07-01,5
85,AALT-P,Analytic Alternative dba APEX Mgmt Group Special Services,2024-04-01,1230.0,AALTSS TLENTSL,5.0,1230SS0302,2022-11-01,1
86,AALT-P,Analytic Alternative dba APEX Mgmt Group Special Services,2024-04-01,1230.0,AALTSS TRUERES,1.0,1230SS0331,2022-06-30,2
87,AALT-P,Analytic Alternative dba APEX Mgmt Group Special Services,2024-05-01,1230.0,AALTSS AMICIFD,5.0,1230SS0183,2022-09-01,1
88,AALT-P,Analytic Alternative dba APEX Mgmt Group Special Services,2024-05-01,1230.0,AALTSS ANTIOCH,5.0,1230SS0194,2022-08-01,4
89,AALT-P,Analytic Alternative dba APEX Mgmt Group Special Services,2024-05-01,1230.0,AALTSS BBNS001,5.0,1230SS0047,2022-12-01,1
90,AALT-P,Analytic Alternative dba APEX Mgmt Group Special Services,2024-05-01,1230.0,AALTSS DIABULD,5.0,1230SS0270,2022-06-01,4
91,AALT-P,Analytic Alternative dba APEX Mgmt Group Special Services,2024-05-01,1230.0,AALTSS DIACARG,5.0,1230SS0271,2022-06-01,1
92,AALT-P,Analytic Alternative dba APEX Mgmt Group Special Services,2024-05-01,1230.0,AALTSS EFCNTFI,5.0,1230SS0216,2022-12-01,1
93,AALT-P,Analytic Alternative dba APEX Mgmt Group Special Services,2024-05-01,1230.0,AALTSS GNHC001,5.0,1230SS0044,2022-10-01,8
94,AALT-P,Analytic Alternative dba APEX Mgmt Group Special Services,2024-05-01,1230.0,AALTSS HAXMASN,5.0,1230SS0218,2022-11-01,1
95,AALT-P,Analytic Alternative dba APEX Mgmt Group Special Services,2024-05-01,1230.0,AALTSS HEXAGNG,5.0,1230SS0301,2022-11-01,4
96,AALT-P,Analytic Alternative dba APEX Mgmt Group Special Services,2024-05-01,1230.0,AALTSS KHHOMEH,5.0,1230SS0347,2022-06-01,1
97,AALT-P,Analytic Alternative dba APEX Mgmt Group Special Services,2024-05-01,1230.0,AALTSS NBCI001,5.0,1230SS0029,2022-06-01,6
98,AALT-P,Analytic Alternative dba APEX Mgmt Group Special Services,2024-05-01,1230.0,AALTSS NLASHAN,5.0,1230SS0361,2022-08-01,2
99,AALT-P,Analytic Alternative dba APEX Mgmt Group Special Services,2024-05-01,1230.0,AALTSS NLNENTR,5.0,1230SS0355,2022-07-01,4
100,AALT-P,Analytic Alternative dba APEX Mgmt Group Special Services,2024-05-01,1230.0,AALTSS OPCONMS,5.0,1230SS0145,2022-06-01,4
101,AALT-P,Analytic Alternative dba APEX Mgmt Group Special Services,2024-05-01,1230.0,AALTSS RKHLTHC,5.0,1230SS0230,2022-12-01,1
102,AALT-P,Analytic Alternative dba APEX Mgmt Group Special Services,2024-05-01,1230.0,AALTSS RKSALES,5.0,1230SS0148,2022-07-01,8
103,AALT-P,Analytic Alternative dba APEX Mgmt Group Special Services,2024-05-01,1230.0,AALTSS SKYTECH,5.0,1230SS0149,2022-07-01,2
104,AALT-P,Analytic Alternative dba APEX Mgmt Group Special Services,2024-05-01,1230.0,AALTSS SPHGHSP,5.0,1230SS0151,2022-07-01,2
105,AALT-P,Analytic Alternative dba APEX Mgmt Group Special Services,2024-06-01,1230.0,AALTSS ANTIOCH,5.0,1230SS0194,2022-08-01,3
106,AALT-P,Analytic Alternative dba APEX Mgmt Group Special Services,2024-06-01,1230.0,AALTSS BBNS001,5.0,1230SS0047,2022-12-01,1
107,AALT-P,Analytic Alternative dba APEX Mgmt Group Special Services,2024-06-01,1230.0,AALTSS DIABULD,5.0,1230SS0270,2022-06-01,1
108,AALT-P,Analytic Alternative dba APEX Mgmt Group Special Services,2024-06-01,1230.0,AALTSS EFCNTFI,5.0,1230SS0216,2022-12-01,4
109,AALT-P,Analytic Alternative dba APEX Mgmt Group Special Services,2024-06-01,1230.0,AALTSS GNHC001,5.0,1230SS0044,2022-10-01,8
110,AALT-P,Analytic Alternative dba APEX Mgmt Group Special Services,2024-06-01,1230.0,AALTSS HEXAGNG,5.0,1230SS0301,2022-11-01,1
111,AALT-P,Analytic Alternative dba APEX Mgmt Group Special Services,2024-06-01,1230.0,AALTSS MJSTCFA,5.0,1230SS0179,2022-08-01,2
112,AALT-P,Analytic Alternative dba APEX Mgmt Group Special Services,2024-06-01,1230.0,AALTSS NBCI001,5.0,1230SS0029,2022-06-01,1
113,AALT-P,Analytic Alternative dba APEX Mgmt Group Special Services,2024-06-01,1230.0,AALTSS NLNENTR,5.0,1230SS0355,2022-07-01,1
114,AALT-P,Analytic Alternative dba APEX Mgmt Group Special Services,2024-06-01,1230.0,AALTSS OPCONMS,5.0,1230SS0145,2022-06-01,2
115,AALT-P,Analytic Alternative dba APEX Mgmt Group Special Services,2024-06-01,1230.0,AALTSS REBECRP,5.0,1230SS0281,2022-06-01,1
116,AALT-P,Analytic Alternative dba APEX Mgmt Group Special Services,2024-06-01,1230.0,AALTSS RKHLTHC,5.0,1230SS0230,2022-12-01,1
117,AALT-P,Analytic Alternative dba APEX Mgmt Group Special Services,2024-06-01,1230.0,AALTSS SPABELL,5.0,1230SS0134,2022-05-01,1
118,AALT-P,Analytic Alternative dba APEX Mgmt Group Special Services,2024-07-01,1230.0,AALTSS ANTIOCH,5.0,1230SS0194,2022-08-01,2
119,AALT-P,Analytic Alternative dba APEX Mgmt Group Special Services,2024-07-01,1230.0,AALTSS ARCHRGP,5.0,1230SS0289,2022-09-01,1
120,AALT-P,Analytic Alternative dba APEX Mgmt Group Special Services,2024-07-01,1230.0,AALTSS AUSACTX,5.0,1230SS0350,2022-06-01,1
121,AALT-P,Analytic Alternative dba APEX Mgmt Group Special Services,2024-07-01,1230.0,AALTSS BRDRMSC,5.0,1230SS0201,2022-12-01,2
122,AALT-P,Analytic Alternative dba APEX Mgmt Group Special Services,2024-07-01,1230.0,AALTSS EFCNTFI,5.0,1230SS0216,2022-12-01,9
123,AALT-P,Analytic Alternative dba APEX Mgmt Group Special Services,2024-07-01,1230.0,AALTSS GNHC001,5.0,1230SS0044,2022-10-01,1
124,AALT-P,Analytic Alternative dba APEX Mgmt Group Special Services,2024-07-01,1230.0,AALTSS NLNENTR,5.0,1230SS0355,2022-07-01,2
125,AALT-P,Analytic Alternative dba APEX Mgmt Group Special Services,2024-07-01,1230.0,AALTSS OPCONMS,5.0,1230SS0145,2022-06-01,2
126,AALT-P,Analytic Alternative dba APEX Mgmt Group Special Services,2024-07-01,1230.0,AALTSS PLAT001,5.0,1230SS0098,2022-07-01,2
127,AALT-P,Analytic Alternative dba APEX Mgmt Group Special Services,2024-07-01,1230.0,AALTSS RAVEBIZ,5.0,1230SS0275,2022-06-01,1
128,AALT-P,Analytic Alternative dba APEX Mgmt Group Special Services,2024-07-01,1230.0,AALTSS REBECRP,5.0,1230SS0281,2022-06-01,1
129,AALT-P,Analytic Alternative dba APEX Mgmt Group Special Services,2024-07-01,1230.0,AALTSS RKSALES,5.0,1230SS0148,2022-07-01,11
130,AALT-P,Analytic Alternative dba APEX Mgmt Group Special Services,2024-07-01,1230.0,AALTSS SKYTECH,5.0,1230SS0149,2022-07-01,1
131,AALT-P,Analytic Alternative dba APEX Mgmt Group Special Services,2024-07-01,1230.0,AALTSS SPABELL,5.0,1230SS0134,2022-05-01,2
132,AALT-P,Analytic Alternative dba APEX Mgmt Group Special Services,2024-07-01,1230.0,AALTSS SPHGHSP,5.0,1230SS0151,2022-07-01,1
133,AALT-P,Analytic Alternative dba APEX Mgmt Group Special Services,2024-07-01,1230.0,AALTSS TRUERES,1.0,1230SS0331,2022-06-30,1
134,AALT-P,Analytic Alternative dba APEX Mgmt Group Special Services,2024-07-01,1230.0,AALTSS VIP001,5.0,1230SS0041,2022-08-01,2
135,AALT-P,Analytic Alternative dba APEX Mgmt Group Special Services,2024-08-01,1230.0,AALTSS EFCNTFI,5.0,1230SS0216,2022-12-01,1
136,AALT-P,Analytic Alternative dba APEX Mgmt Group Special Services,2024-08-01,1230.0,AALTSS MJSTCFA,5.0,1230SS0179,2022-08-01,3
137,AALT-P,Analytic Alternative dba APEX Mgmt Group Special Services,2024-08-01,1230.0,AALTSS PASTHDS,5.0,1230SS0169,2022-05-01,2
138,AALT-P,Analytic Alternative dba APEX Mgmt Group Special Services,2024-08-01,1230.0,AALTSS SUNHSPT,5.0,1230SS0294,2022-10-01,1
139,AALT-P,Analytic Alternative dba APEX Mgmt Group Special Services,2024-09-01,1230.0,AALTSS ANTIOCH,5.0,1230SS0194,2022-08-01,6
140,AALT-P,Analytic Alternative dba APEX Mgmt Group Special Services,2024-09-01,1230.0,AALTSS ARCHRGP,5.0,1230SS0289,2022-09-01,1
141,AALT-P,Analytic Alternative dba APEX Mgmt Group Special Services,2024-09-01,1230.0,AALTSS DIACARG,5.0,1230SS0271,2022-06-01,1
142,AALT-P,Analytic Alternative dba APEX Mgmt Group Special Services,2024-09-01,1230.0,AALTSS EFCNTFI,5.0,1230SS0216,2022-12-01,8
143,AALT-P,Analytic Alternative dba APEX Mgmt Group Special Services,2024-09-01,1230.0,AALTSS HEXAGNG,5.0,1230SS0301,2022-11-01,2
144,AALT-P,Analytic Alternative dba APEX Mgmt Group Special Services,2024-09-01,1230.0,AALTSS KHHOMEH,5.0,1230SS0347,2022-06-01,3
145,AALT-P,Analytic Alternative dba APEX Mgmt Group Special Services,2024-09-01,1230.0,AALTSS OPCONMS,5.0,1230SS0145,2022-06-01,2
146,AALT-P,Analytic Alternative dba APEX Mgmt Group Special Services,2024-09-01,1230.0,AALTSS PASTHDS,5.0,1230SS0169,2022-05-01,1
147,AALT-P,Analytic Alternative dba APEX Mgmt Group Special Services,2024-09-01,1230.0,AALTSS PMTLBCT,5.0,1230SS0279,2022-06-01,1
148,AALT-P,Analytic Alternative dba APEX Mgmt Group Special Services,2024-09-01,1230.0,AALTSS RAVEBIZ,5.0,1230SS0275,2022-06-01,1
149,AALT-P,Analytic Alternative dba APEX Mgmt Group Special Services,2024-09-01,1230.0,AALTSS REBECRP,5.0,1230SS0281,2022-06-01,1
150,AALT-P,Analytic Alternative dba APEX Mgmt Group Special Services,2024-09-01,1230.0,AALTSS RKHLTHC,5.0,1230SS0230,2022-12-01,4
151,AALT-P,Analytic Alternative dba APEX Mgmt Group Special Services,2024-10-01,1230.0,AALTSS ARCHRGP,5.0,1230SS0289,2022-09-01,5
152,AALT-P,Analytic Alternative dba APEX Mgmt Group Special Services,2024-10-01,1230.0,AALTSS AUSACTX,5.0,1230SS0350,2022-06-01,1
153,AALT-P,Analytic Alternative dba APEX Mgmt Group Special Services,2024-10-01,1230.0,AALTSS BBNS001,5.0,1230SS0047,2022-12-01,1
154,AALT-P,Analytic Alternative dba APEX Mgmt Group Special Services,2024-10-01,1230.0,AALTSS DIACARG,5.0,1230SS0271,2022-06-01,2
155,AALT-P,Analytic Alternative dba APEX Mgmt Group Special Services,2024-10-01,1230.0,AALTSS EFCNTFI,5.0,1230SS0216,2022-12-01,10
156,AALT-P,Analytic Alternative dba APEX Mgmt Group Special Services,2024-10-01,1230.0,AALTSS GLDENYR,5.0,1230SS0367,2022-12-01,1
157,AALT-P,Analytic Alternative dba APEX Mgmt Group Special Services,2024-10-01,1230.0,AALTSS HAXMASN,5.0,1230SS0218,2022-11-01,2
158,AALT-P,Analytic Alternative dba APEX Mgmt Group Special Services,2024-10-01,1230.0,AALTSS HEXAGNG,5.0,1230SS0301,2022-11-01,1
159,AALT-P,Analytic Alternative dba APEX Mgmt Group Special Services,2024-10-01,1230.0,AALTSS MJSTCFA,5.0,1230SS0179,2022-08-01,2
160,AALT-P,Analytic Alternative dba APEX Mgmt Group Special Services,2024-10-01,1230.0,AALTSS OPCONMS,5.0,1230SS0145,2022-06-01,14
161,AALT-P,Analytic Alternative dba APEX Mgmt Group Special Services,2024-10-01,1230.0,AALTSS PASTHDS,5.0,1230SS0169,2022-05-01,3
162,AALT-P,Analytic Alternative dba APEX Mgmt Group Special Services,2024-10-01,1230.0,AALTSS RAVEBIZ,5.0,1230SS0275,2022-06-01,1
163,AALT-P,Analytic Alternative dba APEX Mgmt Group Special Services,2024-10-01,1230.0,AALTSS RKHLTHC,5.0,1230SS0230,2022-12-01,2
164,AALT-P,Analytic Alternative dba APEX Mgmt Group Special Services,2024-10-01,1230.0,AALTSS TRUERES,1.0,1230SS0331,2022-06-30,2
165,AALT-P,Analytic Alternative dba APEX Mgmt Group Special Services,2024-10-01,1230.0,AALTSS VIP001,5.0,1230SS0041,2022-08-01,1
166,AALT-P,Analytic Alternative dba APEX Mgmt Group Special Services,2024-11-01,1230.0,AALTSS ANTIOCH,5.0,1230SS0194,2022-08-01,4
167,AALT-P,Analytic Alternative dba APEX Mgmt Group Special Services,2024-11-01,1230.0,AALTSS ARCHRGP,5.0,1230SS0289,2022-09-01,2
168,AALT-P,Analytic Alternative dba APEX Mgmt Group Special Services,2024-11-01,1230.0,AALTSS BREEZEI,5.0,1230SS0290,2022-09-01,1
169,AALT-P,Analytic Alternative dba APEX Mgmt Group Special Services,2024-11-01,1230.0,AALTSS DIABULD,5.0,1230SS0270,2022-06-01,1
170,AALT-P,Analytic Alternative dba APEX Mgmt Group Special Services,2024-11-01,1230.0,AALTSS EFCNTFI,5.0,1230SS0216,2022-12-01,1
171,AALT-P,Analytic Alternative dba APEX Mgmt Group Special Services,2024-11-01,1230.0,AALTSS HAXMASN,5.0,1230SS0218,2022-11-01,5
172,AALT-P,Analytic Alternative dba APEX Mgmt Group Special Services,2024-11-01,1230.0,AALTSS NLNENTR,5.0,1230SS0355,2022-07-01,6
173,AALT-P,Analytic Alternative dba APEX Mgmt Group Special Services,2024-11-01,1230.0,AALTSS OPCONMS,5.0,1230SS0145,2022-06-01,1
174,AALT-P,Analytic Alternative dba APEX Mgmt Group Special Services,2024-11-01,1230.0,AALTSS RKSALES,5.0,1230SS0148,2022-07-01,3
175,AALT-P,Analytic Alternative dba APEX Mgmt Group Special Services,2024-12-01,1230.0,AALTSS ANTIOCH,5.0,1230SS0194,2022-08-01,3
176,AALT-P,Analytic Alternative dba APEX Mgmt Group Special Services,2024-12-01,1230.0,AALTSS ARCHRGP,5.0,1230SS0289,2022-09-01,2
177,AALT-P,Analytic Alternative dba APEX Mgmt Group Special Services,2024-12-01,1230.0,AALTSS EFCNTFI,5.0,1230SS0216,2022-12-01,2
178,AALT-P,Analytic Alternative dba APEX Mgmt Group Special Services,2024-12-01,1230.0,AALTSS HAXMASN,5.0,1230SS0218,2022-11-01,5
179,AALT-P,Analytic Alternative dba APEX Mgmt Group Special Services,2024-12-01,1230.0,AALTSS HEXAGNG,5.0,1230SS0301,2022-11-01,1
180,AALT-P,Analytic Alternative dba APEX Mgmt Group Special Services,2024-12-01,1230.0,AALTSS OPCONMS,5.0,1230SS0145,2022-06-01,1
181,AALT-P,Analytic Alternative dba APEX Mgmt Group Special Services,2024-12-01,1230.0,AALTSS RKSALES,5.0,1230SS0148,2022-07-01,1
182,AALT-P,Analytic Alternative dba APEX Mgmt Group Special Services,2024-12-01,1230.0,AALTSS SPABELL,5.0,1230SS0134,2022-05-01,1
183,AALT-P,Analytic Alternative dba APEX Mgmt Group Special Services,2024-12-01,1230.0,AALTSS SPHGHSP,5.0,1230SS0151,2022-07-01,12
184,AALT-P,Analytic Alternative dba APEX Mgmt Group Special Services,2025-01-01,1230.0,AALTSS ANTIOCH,5.0,1230SS0194,2022-08-01,1
185,AALT-P,Analytic Alternative dba APEX Mgmt Group Special Services,2025-01-01,1230.0,AALTSS ARCHRGP,5.0,1230SS0289,2022-09-01,3
186,AALT-P,Analytic Alternative dba APEX Mgmt Group Special Services,2025-01-01,1230.0,AALTSS AUSACTX,5.0,1230SS0350,2022-06-01,2
187,AALT-P,Analytic Alternative dba APEX Mgmt Group Special Services,2025-01-01,1230.0,AALTSS BREEZEI,5.0,1230SS0290,2022-09-01,2
188,AALT-P,Analytic Alternative dba APEX Mgmt Group Special Services,2025-01-01,1230.0,AALTSS BRMAINV,1.0,1230SS0231,2025-01-01,7
189,AALT-P,Analytic Alternative dba APEX Mgmt Group Special Services,2025-01-01,1230.0,AALTSS EFCNTFI,5.0,1230SS0216,2022-12-01,9
190,AALT-P,Analytic Alternative dba APEX Mgmt Group Special Services,2025-01-01,1230.0,AALTSS GNHC001,5.0,1230SS0044,2022-10-01,5
191,AALT-P,Analytic Alternative dba APEX Mgmt Group Special Services,2025-01-01,1230.0,AALTSS HAXMASN,5.0,1230SS0218,2022-11-01,4
192,AALT-P,Analytic Alternative dba APEX Mgmt Group Special Services,2025-01-01,1230.0,AALTSS HEXAGNG,5.0,1230SS0301,2022-11-01,2
193,AALT-P,Analytic Alternative dba APEX Mgmt Group Special Services,2025-01-01,1230.0,AALTSS NLNENTR,5.0,1230SS0355,2022-07-01,11
194,AALT-P,Analytic Alternative dba APEX Mgmt Group Special Services,2025-01-01,1230.0,AALTSS OPCONMS,5.0,1230SS0145,2022-06-01,5
195,AALT-P,Analytic Alternative dba APEX Mgmt Group Special Services,2025-01-01,1230.0,AALTSS REBECRP,5.0,1230SS0281,2022-06-01,5
196,AALT-P,Analytic Alternative dba APEX Mgmt Group Special Services,2025-01-01,1230.0,AALTSS RKSALES,5.0,1230SS0148,2022-07-01,4
197,AALT-P,Analytic Alternative dba APEX Mgmt Group Special Services,2025-01-01,1230.0,AALTSS SPABELL,5.0,1230SS0134,2022-05-01,2
198,AALT-P,Analytic Alternative dba APEX Mgmt Group Special Services,2025-02-01,1230.0,AALTSS ARCHRGP,5.0,1230SS0289,2022-09-01,13
199,AALT-P,Analytic Alternative dba APEX Mgmt Group Special Services,2025-02-01,1230.0,AALTSS BRMAINV,1.0,1230SS0231,2025-01-01,7
200,AALT-P,Analytic Alternative dba APEX Mgmt Group Special Services,2025-02-01,1230.0,AALTSS DIACARG,5.0,1230SS0271,2022-06-01,4
201,AALT-P,Analytic Alternative dba APEX Mgmt Group Special Services,2025-02-01,1230.0,AALTSS EFCNTFI,5.0,1230SS0216,2022-12-01,17
202,AALT-P,Analytic Alternative dba APEX Mgmt Group Special Services,2025-02-01,1230.0,AALTSS GNHC001,5.0,1230SS0044,2022-10-01,2
203,AALT-P,Analytic Alternative dba APEX Mgmt Group Special Services,2025-02-01,1230.0,AALTSS HAXMASN,5.0,1230SS0218,2022-11-01,9
204,AALT-P,Analytic Alternative dba APEX Mgmt Group Special Services,2025-02-01,1230.0,AALTSS HEXAGNG,5.0,1230SS0301,2022-11-01,2
205,AALT-P,Analytic Alternative dba APEX Mgmt Group Special Services,2025-02-01,1230.0,AALTSS JALARAM,5.0,1230SS0133,2022-06-01,1
206,AALT-P,Analytic Alternative dba APEX Mgmt Group Special Services,2025-02-01,1230.0,AALTSS JMBOFUN,5.0,1230SS0219,2022-10-01,1
207,AALT-P,Analytic Alternative dba APEX Mgmt Group Special Services,2025-02-01,1230.0,AALTSS NLNENTR,5.0,1230SS0355,2022-07-01,8
208,AALT-P,Analytic Alternative dba APEX Mgmt Group Special Services,2025-02-01,1230.0,AALTSS OPCONMS,5.0,1230SS0145,2022-06-01,11
209,AALT-P,Analytic Alternative dba APEX Mgmt Group Special Services,2025-02-01,1230.0,AALTSS REBECRP,5.0,1230SS0281,2022-06-01,2
210,AALT-P,Analytic Alternative dba APEX Mgmt Group Special Services,2025-02-01,1230.0,AALTSS RKSALES,5.0,1230SS0148,2022-07-01,1
211,AALT-P,Analytic Alternative dba APEX Mgmt Group Special Services,2025-02-01,1230.0,AALTSS RRDESEL,5.0,1230SS0191,2022-09-01,3
212,AALT-P,Analytic Alternative dba APEX Mgmt Group Special Services,2025-02-01,1230.0,AALTSS SPABELL,5.0,1230SS0134,2022-05-01,2
213,AALT-P,Analytic Alternative dba APEX Mgmt Group Special Services,2025-02-01,1230.0,AALTSS SPHGHSP,5.0,1230SS0151,2022-07-01,20
214,AALT-P,Analytic Alternative dba APEX Mgmt Group Special Services,2025-03-01,1230.0,AALTSS AMSCNIL,5.0,1230SS0359,2022-08-01,1
215,AALT-P,Analytic Alternative dba APEX Mgmt Group Special Services,2025-03-01,1230.0,AALTSS ANTIOCH,5.0,1230SS0194,2022-08-01,12
216,AALT-P,Analytic Alternative dba APEX Mgmt Group Special Services,2025-03-01,1230.0,AALTSS ARCHRGP,5.0,1230SS0289,2022-09-01,2
217,AALT-P,Analytic Alternative dba APEX Mgmt Group Special Services,2025-03-01,1230.0,AALTSS AUSACTX,5.0,1230SS0350,2022-06-01,1
218,AALT-P,Analytic Alternative dba APEX Mgmt Group Special Services,2025-03-01,1230.0,AALTSS BRMAINV,1.0,1230SS0231,2025-01-01,4
219,AALT-P,Analytic Alternative dba APEX Mgmt Group Special Services,2025-03-01,1230.0,AALTSS DIACARG,5.0,1230SS0271,2022-06-01,3
220,AALT-P,Analytic Alternative dba APEX Mgmt Group Special Services,2025-03-01,1230.0,AALTSS EFCNTFI,5.0,1230SS0216,2022-12-01,7
221,AALT-P,Analytic Alternative dba APEX Mgmt Group Special Services,2025-03-01,1230.0,AALTSS GNHC001,5.0,1230SS0044,2022-10-01,7
222,AALT-P,Analytic Alternative dba APEX Mgmt Group Special Services,2025-03-01,1230.0,AALTSS JALARAM,5.0,1230SS0133,2022-06-01,2
223,AALT-P,Analytic Alternative dba APEX Mgmt Group Special Services,2025-03-01,1230.0,AALTSS OPCONMS,5.0,1230SS0145,2022-06-01,8
224,AALT-P,Analytic Alternative dba APEX Mgmt Group Special Services,2025-03-01,1230.0,AALTSS REBECRP,5.0,1230SS0281,2022-06-01,1
225,AALT-P,Analytic Alternative dba APEX Mgmt Group Special Services,2025-03-01,1230.0,AALTSS SPABELL,5.0,1230SS0134,2022-05-01,5
226,AALT-P,Analytic Alternative dba APEX Mgmt Group Special Services,2025-03-01,1230.0,AALTSS SPHGHSP,5.0,1230SS0151,2022-07-01,2
227,AALT-P,Analytic Alternative dba APEX Mgmt Group Special Services,2025-03-01,1230.0,AALTSS TRUERES,1.0,1230SS0331,2022-06-30,3
228,AALT-P,Analytic Alternative dba APEX Mgmt Group Special Services,2025-04-01,1230.0,AALTSS AMICIFD,5.0,1230SS0183,2022-09-01,1
229,AALT-P,Analytic Alternative dba APEX Mgmt Group Special Services,2025-04-01,1230.0,AALTSS ANTIOCH,5.0,1230SS0194,2022-08-01,1
230,AALT-P,Analytic Alternative dba APEX Mgmt Group Special Services,2025-04-01,1230.0,AALTSS OPCONMS,5.0,1230SS0145,2022-06-01,1
231,AAP-P,Analytic Alternative dba APEX Mgmt Group PREVENTIVE SERVICES,2024-01-01,1150.0,AAPS HLTYLLC,5.0,1150PS0257,2022-07-01,2
232,AAP-P,Analytic Alternative dba APEX Mgmt Group PREVENTIVE SERVICES,2024-01-01,1150.0,AAPS MEDICAR,5.0,1150PS0263,2022-09-01,3
233,AAP-P,Analytic Alternative dba APEX Mgmt Group PREVENTIVE SERVICES,2024-01-01,1150.0,AAPS PTYCARE,5.0,1150PS0122,2022-07-01,2
234,AAP-P,Analytic Alternative dba APEX Mgmt Group PREVENTIVE SERVICES,2024-02-01,1150.0,AAPS DVSHARV,4.0,1150PS0272,2022-11-01,2
235,AAP-P,Analytic Alternative dba APEX Mgmt Group PREVENTIVE SERVICES,2024-02-01,1150.0,AAPS FTHFLLV,5.0,1150PS0193,2022-12-01,1
236,AAP-P,Analytic Alternative dba APEX Mgmt Group PREVENTIVE SERVICES,2024-02-01,1150.0,AAPS HRTAMBU,5.0,1150PS0146,2022-09-01,1
237,AAP-P,Analytic Alternative dba APEX Mgmt Group PREVENTIVE SERVICES,2024-02-01,1150.0,AAPS MEDICAR,5.0,1150PS0263,2022-09-01,1
238,AAP-P,Analytic Alternative dba APEX Mgmt Group PREVENTIVE SERVICES,2024-03-01,1150.0,AAPS FTHFLLV,5.0,1150PS0193,2022-12-01,1
239,AAP-P,Analytic Alternative dba APEX Mgmt Group PREVENTIVE SERVICES,2024-03-01,1150.0,AAPS HLTYLLC,5.0,1150PS0257,2022-07-01,1
240,AAP-P,Analytic Alternative dba APEX Mgmt Group PREVENTIVE SERVICES,2024-03-01,1150.0,AAPS HRTAMBU,5.0,1150PS0146,2022-09-01,5
241,AAP-P,Analytic Alternative dba APEX Mgmt Group PREVENTIVE SERVICES,2024-04-01,1150.0,AAPS APALLNY,5.0,1150PS0153,2022-10-01,2
242,AAP-P,Analytic Alternative dba APEX Mgmt Group PREVENTIVE SERVICES,2024-04-01,1150.0,AAPS AZAUTSM,5.0,1150PS0129,2022-06-01,4
243,AAP-P,Analytic Alternative dba APEX Mgmt Group PREVENTIVE SERVICES,2024-04-01,1150.0,AAPS FTHFLLV,5.0,1150PS0193,2022-12-01,1
244,AAP-P,Analytic Alternative dba APEX Mgmt Group PREVENTIVE SERVICES,2024-04-01,1150.0,AAPS PTYCARE,5.0,1150PS0122,2022-07-01,1
245,AAP-P,Analytic Alternative dba APEX Mgmt Group PREVENTIVE SERVICES,2024-05-01,1150.0,AAPS AZAUTSM,5.0,1150PS0129,2022-06-01,4
246,AAP-P,Analytic Alternative dba APEX Mgmt Group PREVENTIVE SERVICES,2024-05-01,1150.0,AAPS HRTAMBU,5.0,1150PS0146,2022-09-01,1
247,AAP-P,Analytic Alternative dba APEX Mgmt Group PREVENTIVE SERVICES,2024-05-01,1150.0,AAPS MEDICAR,5.0,1150PS0263,2022-09-01,1
248,AAP-P,Analytic Alternative dba APEX Mgmt Group PREVENTIVE SERVICES,2024-05-01,1150.0,AAPS PTYCARE,5.0,1150PS0122,2022-07-01,5
249,AAP-P,Analytic Alternative dba APEX Mgmt Group PREVENTIVE SERVICES,2024-06-01,1150.0,AAPS HRTAMBU,5.0,1150PS0146,2022-09-01,2
250,AAP-P,Analytic Alternative dba APEX Mgmt Group PREVENTIVE SERVICES,2024-06-01,1150.0,AAPS PTYCARE,5.0,1150PS0122,2022-07-01,1
251,AAP-P,Analytic Alternative dba APEX Mgmt Group PREVENTIVE SERVICES,2024-07-01,1150.0,AAPS AZAUTSM,5.0,1150PS0129,2022-06-01,1
252,AAP-P,Analytic Alternative dba APEX Mgmt Group PREVENTIVE SERVICES,2024-07-01,1150.0,AAPS FTHFLLV,5.0,1150PS0193,2022-12-01,1
253,AAP-P,Analytic Alternative dba APEX Mgmt Group PREVENTIVE SERVICES,2024-07-01,1150.0,AAPS HRTAMBU,5.0,1150PS0146,2022-09-01,1
254,AAP-P,Analytic Alternative dba APEX Mgmt Group PREVENTIVE SERVICES,2024-09-01,1150.0,AAPS HRTAMBU,5.0,1150PS0146,2022-09-01,1
255,AAP-P,Analytic Alternative dba APEX Mgmt Group PREVENTIVE SERVICES,2024-11-01,1150.0,AAPS JESPEAR,5.0,1150PS0167,2022-11-01,1
256,AAP-P,Analytic Alternative dba APEX Mgmt Group PREVENTIVE SERVICES,2024-11-01,1150.0,AAPS RKSALES,5.0,1150PS0125,2022-07-01,1
257,AAP-P,Analytic Alternative dba APEX Mgmt Group PREVENTIVE SERVICES,2025-01-01,1150.0,AAPS APALLNY,5.0,1150PS0153,2022-10-01,5
258,AAP-P,Analytic Alternative dba APEX Mgmt Group PREVENTIVE SERVICES,2025-01-01,1150.0,AAPS FTHFLLV,5.0,1150PS0193,2022-12-01,1
259,AAP-P,Analytic Alternative dba APEX Mgmt Group PREVENTIVE SERVICES,2025-02-01,1150.0,AAPS APALLNY,5.0,1150PS0153,2022-10-01,2
260,AAP-P,Analytic Alternative dba APEX Mgmt Group PREVENTIVE SERVICES,2025-02-01,1150.0,AAPS FTHFLLV,5.0,1150PS0193,2022-12-01,1
261,AAP-P,Analytic Alternative dba APEX Mgmt Group PREVENTIVE SERVICES,2025-02-01,1150.0,AAPS HRTAMBU,5.0,1150PS0146,2022-09-01,1
262,AAP-P,Analytic Alternative dba APEX Mgmt Group PREVENTIVE SERVICES,2025-02-01,1150.0,AAPS RKSALES,5.0,1150PS0125,2022-07-01,2
263,AAP-P,Analytic Alternative dba APEX Mgmt Group PREVENTIVE SERVICES,2025-03-01,1150.0,AAPS AZAUTSM,5.0,1150PS0129,2022-06-01,17
264,AAP-P,Analytic Alternative dba APEX Mgmt Group PREVENTIVE SERVICES,2025-03-01,1150.0,AAPS CRSTNLC,5.0,1150PS0124,2022-07-01,2
265,AAP-P,Analytic Alternative dba APEX Mgmt Group PREVENTIVE SERVICES,2025-03-01,1150.0,AAPS FTHFLLV,5.0,1150PS0193,2022-12-01,1
266,AMP-P,HealthEZ,2024-01-01,4637.0,HEZPO ANT867,24.0,4637PO0002,2025-01-01,9
267,AMP-P,HealthEZ,2024-01-01,4637.0,HEZPO KENN368,237.0,4637PO0003,2025-03-31,1
268,AMP-P,HealthEZ,2024-01-01,4637.0,HEZPO SHIP968,155.0,4637PO0009,2025-01-01,67
269,AMP-P,HealthEZ,2024-02-01,4637.0,HEZPO ANT867,24.0,4637PO0002,2025-01-01,36
270,AMP-P,HealthEZ,2024-02-01,4637.0,HEZPO KENN368,237.0,4637PO0003,2025-03-31,2
271,AMP-P,HealthEZ,2024-02-01,4637.0,HEZPO SHIP968,155.0,4637PO0009,2025-01-01,34
272,AMP-P,HealthEZ,2024-03-01,4637.0,HEZPO ANT867,24.0,4637PO0002,2025-01-01,40
273,AMP-P,HealthEZ,2024-03-01,4637.0,HEZPO SHIP968,155.0,4637PO0009,2025-01-01,83
274,AMP-P,HealthEZ,2024-04-01,4637.0,HEZPO ANT867,24.0,4637PO0002,2025-01-01,39
275,AMP-P,HealthEZ,2024-04-01,4637.0,HEZPO KENN368,237.0,4637PO0003,2025-03-31,161
276,AMP-P,HealthEZ,2024-04-01,4637.0,HEZPO SHIP968,155.0,4637PO0009,2025-01-01,51
277,AMP-P,HealthEZ,2024-05-01,4637.0,HEZPO ANT867,24.0,4637PO0002,2025-01-01,9
278,AMP-P,HealthEZ,2024-05-01,4637.0,HEZPO KENN368,237.0,4637PO0003,2025-03-31,243
279,AMP-P,HealthEZ,2024-05-01,4637.0,HEZPO SHIP968,155.0,4637PO0009,2025-01-01,20
280,AMP-P,HealthEZ,2024-06-01,4637.0,HEZPO ANT867,24.0,4637PO0002,2025-01-01,3
281,AMP-P,HealthEZ,2024-06-01,4637.0,HEZPO KENN368,237.0,4637PO0003,2025-03-31,216
282,AMP-P,HealthEZ,2024-06-01,4637.0,HEZPO SHIP968,155.0,4637PO0009,2025-01-01,52
283,AMP-P,HealthEZ,2024-07-01,4637.0,HEZPO ANT867,24.0,4637PO0002,2025-01-01,8
284,AMP-P,HealthEZ,2024-07-01,4637.0,HEZPO KENN368,237.0,4637PO0003,2025-03-31,137
285,AMP-P,HealthEZ,2024-07-01,4637.0,HEZPO SHIP968,155.0,4637PO0009,2025-01-01,37
286,AMP-P,HealthEZ,2024-08-01,4637.0,HEZPO ANT867,24.0,4637PO0002,2025-01-01,2
287,AMP-P,HealthEZ,2024-08-01,4637.0,HEZPO KENN368,237.0,4637PO0003,2025-03-31,156
288,AMP-P,HealthEZ,2024-08-01,4637.0,HEZPO SHIP968,155.0,4637PO0009,2025-01-01,26
289,AMP-P,HealthEZ,2024-09-01,4637.0,HEZPO ANT867,24.0,4637PO0002,2025-01-01,17
290,AMP-P,HealthEZ,2024-09-01,4637.0,HEZPO KENN368,237.0,4637PO0003,2025-03-31,126
291,AMP-P,HealthEZ,2024-09-01,4637.0,HEZPO SHIP968,155.0,4637PO0009,2025-01-01,42
292,AMP-P,HealthEZ,2024-10-01,4637.0,HEZPO ANT867,24.0,4637PO0002,2025-01-01,2
293,AMP-P,HealthEZ,2024-10-01,4637.0,HEZPO KENN368,237.0,4637PO0003,2025-03-31,152
294,AMP-P,HealthEZ,2024-10-01,4637.0,HEZPO SHIP968,155.0,4637PO0009,2025-01-01,46
295,AMP-P,HealthEZ,2024-11-01,4637.0,HEZPO ANT867,24.0,4637PO0002,2025-01-01,6
296,AMP-P,HealthEZ,2024-11-01,4637.0,HEZPO KENN368,237.0,4637PO0003,2025-03-31,184
297,AMP-P,HealthEZ,2024-11-01,4637.0,HEZPO SHIP968,155.0,4637PO0009,2025-01-01,21
298,AMP-P,HealthEZ,2024-12-01,4637.0,HEZPO ANT867,24.0,4637PO0002,2025-01-01,6
299,AMP-P,HealthEZ,2024-12-01,4637.0,HEZPO KENN368,237.0,4637PO0003,2025-03-31,127
300,AMP-P,HealthEZ,2024-12-01,4637.0,HEZPO SHIP968,155.0,4637PO0009,2025-01-01,21
301,AMP-P,HealthEZ,2025-01-01,4637.0,HEZPO ANT867,24.0,4637PO0002,2025-01-01,8
302,AMP-P,HealthEZ,2025-01-01,4637.0,HEZPO KENN368,237.0,4637PO0003,2025-03-31,126
303,AMP-P,HealthEZ,2025-01-01,4637.0,HEZPO SHIP968,155.0,4637PO0009,2025-01-01,44
304,AMP-P,HealthEZ,2025-02-01,4637.0,HEZPO ANT867,24.0,4637PO0002,2025-01-01,24
305,AMP-P,HealthEZ,2025-02-01,4637.0,HEZPO KENN368,237.0,4637PO0003,2025-03-31,145
306,AMP-P,HealthEZ,2025-02-01,4637.0,HEZPO SHIP968,155.0,4637PO0009,2025-01-01,30
307,AMP-P,HealthEZ,2025-03-01,4637.0,HEZPO ANT867,24.0,4637PO0002,2025-01-01,7
308,AMP-P,HealthEZ,2025-03-01,4637.0,HEZPO KENN368,237.0,4637PO0003,2025-03-31,148
309,AMP-P,HealthEZ,2025-03-01,4637.0,HEZPO SHIP968,155.0,4637PO0009,2025-01-01,59
310,AMP-P,HealthEZ,2025-04-01,4637.0,HEZPO KENN368,237.0,4637PO0003,2025-03-31,3
311,AMP-P,HealthEZ,2025-04-01,4637.0,HEZPO SHIP968,155.0,4637PO0009,2025-01-01,1
312,APEX-P,APEX Management,2024-01-01,1357.0,APEXLB ALELECT,8.0,1357LB0259,2022-12-01,2
313,APEX-P,APEX Management,2024-01-01,1357.0,APEXLB BLUESTL,5.0,1357LB0141,2022-08-01,1
314,APEX-P,APEX Management,2024-01-01,1357.0,APEXLB BRKATEJ,5.0,1357LB0153,2022-11-01,3
315,APEX-P,APEX Management,2024-01-01,1357.0,APEXLB CARFAGN,5.0,1357LB0226,2022-09-01,2
316,APEX-P,APEX Management,2024-01-01,1357.0,APEXLB CHAPALA,5.0,1357LB0029,2022-08-01,3
317,APEX-P,APEX Management,2024-01-01,1357.0,APEXLB DRAHSPT,5.0,1357LB0154,2022-10-01,6
318,APEX-P,APEX Management,2024-01-01,1357.0,APEXLB EFINTED,5.0,1357LB0072,2022-12-01,6
319,APEX-P,APEX Management,2024-01-01,1357.0,APEXLB FAMSERV,1.0,1357LB0209,2022-06-30,3
320,APEX-P,APEX Management,2024-01-01,1357.0,APEXLB FTHFLLV,5.0,1357LB0071,2022-12-01,3
321,APEX-P,APEX Management,2024-01-01,1357.0,APEXLB HLLGRCY,11.0,1357LB0260,2022-11-01,2
322,APEX-P,APEX Management,2024-01-01,1357.0,APEXLB HRTAMBU,5.0,1357LB0037,2022-09-01,6
323,APEX-P,APEX Management,2024-01-01,1357.0,APEXLB LSWSANGL,5.0,1357LB0156,2022-12-01,1
324,APEX-P,APEX Management,2024-01-01,1357.0,APEXLB NCNRMNS,1.0,1357LB0202,2022-06-30,1
325,APEX-P,APEX Management,2024-01-01,1357.0,APEXLB PDMNTMD,5.0,1357LB0216,2022-07-01,1
326,APEX-P,APEX Management,2024-01-01,1357.0,APEXLB PEGUESH,5.0,1357LB0046,2022-08-01,1
327,APEX-P,APEX Management,2024-01-01,1357.0,APEXLB SUNMILL,5.0,1357LB0061,2022-09-01,5
328,APEX-P,APEX Management,2024-02-01,1357.0,APEXLB ALELECT,8.0,1357LB0259,2022-12-01,2
329,APEX-P,APEX Management,2024-02-01,1357.0,APEXLB ALLSRVE,5.0,1357LB0047,2022-09-01,4
330,APEX-P,APEX Management,2024-02-01,1357.0,APEXLB AMICIFD,5.0,1357LB0033,2022-09-01,1
331,APEX-P,APEX Management,2024-02-01,1357.0,APEXLB APALLNY,5.0,1357LB0143,2022-10-01,2
332,APEX-P,APEX Management,2024-02-01,1357.0,APEXLB BEARSSH,5.0,1357LB0054,2022-10-01,2
333,APEX-P,APEX Management,2024-02-01,1357.0,APEXLB BRDRMSC,5.0,1357LB0062,2022-12-01,1
334,APEX-P,APEX Management,2024-02-01,1357.0,APEXLB BRKATEJ,5.0,1357LB0153,2022-11-01,7
335,APEX-P,APEX Management,2024-02-01,1357.0,APEXLB CARFAGN,5.0,1357LB0226,2022-09-01,6
336,APEX-P,APEX Management,2024-02-01,1357.0,APEXLB CHAPALA,5.0,1357LB0029,2022-08-01,3
337,APEX-P,APEX Management,2024-02-01,1357.0,APEXLB DEENFRE,5.0,1357LB0028,2022-08-01,5
338,APEX-P,APEX Management,2024-02-01,1357.0,APEXLB DRAHSPT,5.0,1357LB0154,2022-10-01,4
339,APEX-P,APEX Management,2024-02-01,1357.0,APEXLB EFINTED,5.0,1357LB0072,2022-12-01,1
340,APEX-P,APEX Management,2024-02-01,1357.0,APEXLB EVRYDAY,5.0,1357LB0030,2022-08-01,4
341,APEX-P,APEX Management,2024-02-01,1357.0,APEXLB FAMSERV,1.0,1357LB0209,2022-06-30,12
342,APEX-P,APEX Management,2024-02-01,1357.0,APEXLB FTHFLLV,5.0,1357LB0071,2022-12-01,1
343,APEX-P,APEX Management,2024-02-01,1357.0,APEXLB GLDENYR,6.0,1357LB0256,2022-12-01,2
344,APEX-P,APEX Management,2024-02-01,1357.0,APEXLB HLLGRCY,11.0,1357LB0260,2022-11-01,3
345,APEX-P,APEX Management,2024-02-01,1357.0,APEXLB HRTAMBU,5.0,1357LB0037,2022-09-01,4
346,APEX-P,APEX Management,2024-02-01,1357.0,APEXLB LAWNLTD,1.0,1357LB0200,2022-06-30,3
347,APEX-P,APEX Management,2024-02-01,1357.0,APEXLB LGNSERV,5.0,1357LB0215,2022-07-01,4
348,APEX-P,APEX Management,2024-02-01,1357.0,APEXLB LSWSANGL,5.0,1357LB0156,2022-12-01,2
349,APEX-P,APEX Management,2024-02-01,1357.0,APEXLB MERSGRP,5.0,1357LB0213,2022-07-01,1
350,APEX-P,APEX Management,2024-02-01,1357.0,APEXLB MRICAIM,5.0,1357LB0053,2022-10-01,2
351,APEX-P,APEX Management,2024-02-01,1357.0,APEXLB NCNRMNS,1.0,1357LB0202,2022-06-30,1
352,APEX-P,APEX Management,2024-02-01,1357.0,APEXLB PDMNTMD,5.0,1357LB0216,2022-07-01,1
353,APEX-P,APEX Management,2024-02-01,1357.0,APEXLB PESEKNC,5.0,1357LB0231,2022-09-01,1
354,APEX-P,APEX Management,2024-02-01,1357.0,APEXLB SPDNBAK,1.0,1357LB0210,2022-06-30,1
355,APEX-P,APEX Management,2024-02-01,1357.0,APEXLB SUNMILL,5.0,1357LB0061,2022-09-01,33
356,APEX-P,APEX Management,2024-02-01,1357.0,APEXLB TALLGUY,5.0,1357LB0217,2022-08-01,2
357,APEX-P,APEX Management,2024-03-01,1357.0,APEXLB ALELECT,8.0,1357LB0259,2022-12-01,4
358,APEX-P,APEX Management,2024-03-01,1357.0,APEXLB ALLSRVE,5.0,1357LB0047,2022-09-01,4
359,APEX-P,APEX Management,2024-03-01,1357.0,APEXLB BLUESTL,5.0,1357LB0141,2022-08-01,1
360,APEX-P,APEX Management,2024-03-01,1357.0,APEXLB BRKATEJ,5.0,1357LB0153,2022-11-01,3
361,APEX-P,APEX Management,2024-03-01,1357.0,APEXLB CARESMT,5.0,1357LB0041,2022-08-01,16
362,APEX-P,APEX Management,2024-03-01,1357.0,APEXLB CARFAGN,5.0,1357LB0226,2022-09-01,8
363,APEX-P,APEX Management,2024-03-01,1357.0,APEXLB CLEAUTH,16.0,1357LB0262,2022-12-01,2
364,APEX-P,APEX Management,2024-03-01,1357.0,APEXLB DEENFRE,5.0,1357LB0028,2022-08-01,3
365,APEX-P,APEX Management,2024-03-01,1357.0,APEXLB DRAHSPT,5.0,1357LB0154,2022-10-01,1
366,APEX-P,APEX Management,2024-03-01,1357.0,APEXLB EFINTED,5.0,1357LB0072,2022-12-01,4
367,APEX-P,APEX Management,2024-03-01,1357.0,APEXLB EVRYDAY,5.0,1357LB0030,2022-08-01,2
368,APEX-P,APEX Management,2024-03-01,1357.0,APEXLB FAMSERV,1.0,1357LB0209,2022-06-30,6
369,APEX-P,APEX Management,2024-03-01,1357.0,APEXLB FTHFLLV,5.0,1357LB0071,2022-12-01,2
370,APEX-P,APEX Management,2024-03-01,1357.0,APEXLB GLBLPRT,1.0,1357LB0207,2022-06-30,4
371,APEX-P,APEX Management,2024-03-01,1357.0,APEXLB GNLGSTC,5.0,1357LB0134,2022-06-01,1
372,APEX-P,APEX Management,2024-03-01,1357.0,APEXLB GWGREEN,5.0,1357LB0151,2022-10-01,5
373,APEX-P,APEX Management,2024-03-01,1357.0,APEXLB HAXZ,5.0,1357LB0074,2022-11-01,6
374,APEX-P,APEX Management,2024-03-01,1357.0,APEXLB HLLGRCY,11.0,1357LB0260,2022-11-01,2
375,APEX-P,APEX Management,2024-03-01,1357.0,APEXLB HRTAMBU,5.0,1357LB0037,2022-09-01,4
376,APEX-P,APEX Management,2024-03-01,1357.0,APEXLB IPHENTR,5.0,1357LB0229,2022-08-01,1
377,APEX-P,APEX Management,2024-03-01,1357.0,APEXLB LAWNLTD,1.0,1357LB0200,2022-06-30,2
378,APEX-P,APEX Management,2024-03-01,1357.0,APEXLB LGNSERV,5.0,1357LB0215,2022-07-01,1
379,APEX-P,APEX Management,2024-03-01,1357.0,APEXLB LSWSANGL,5.0,1357LB0156,2022-12-01,1
380,APEX-P,APEX Management,2024-03-01,1357.0,APEXLB MERSGRP,5.0,1357LB0213,2022-07-01,3
381,APEX-P,APEX Management,2024-03-01,1357.0,APEXLB PDMNTMD,5.0,1357LB0216,2022-07-01,1
382,APEX-P,APEX Management,2024-03-01,1357.0,APEXLB SUNMILL,5.0,1357LB0061,2022-09-01,17
383,APEX-P,APEX Management,2024-04-01,1357.0,APEXLB ALELECT,8.0,1357LB0259,2022-12-01,5
384,APEX-P,APEX Management,2024-04-01,1357.0,APEXLB ALLSRVE,5.0,1357LB0047,2022-09-01,2
385,APEX-P,APEX Management,2024-04-01,1357.0,APEXLB BLUESTL,5.0,1357LB0141,2022-08-01,1
386,APEX-P,APEX Management,2024-04-01,1357.0,APEXLB BRDRMSC,5.0,1357LB0062,2022-12-01,1
387,APEX-P,APEX Management,2024-04-01,1357.0,APEXLB BRKATEJ,5.0,1357LB0153,2022-11-01,1
388,APEX-P,APEX Management,2024-04-01,1357.0,APEXLB CARESMT,5.0,1357LB0041,2022-08-01,1
389,APEX-P,APEX Management,2024-04-01,1357.0,APEXLB CLEAUTH,16.0,1357LB0262,2022-12-01,1
390,APEX-P,APEX Management,2024-04-01,1357.0,APEXLB DRAHSPT,5.0,1357LB0154,2022-10-01,2
391,APEX-P,APEX Management,2024-04-01,1357.0,APEXLB EFINTED,5.0,1357LB0072,2022-12-01,9
392,APEX-P,APEX Management,2024-04-01,1357.0,APEXLB EVRYDAY,5.0,1357LB0030,2022-08-01,3
393,APEX-P,APEX Management,2024-04-01,1357.0,APEXLB FAMSERV,1.0,1357LB0209,2022-06-30,14
394,APEX-P,APEX Management,2024-04-01,1357.0,APEXLB GLDENYR,6.0,1357LB0256,2022-12-01,2
395,APEX-P,APEX Management,2024-04-01,1357.0,APEXLB GWGREEN,5.0,1357LB0151,2022-10-01,5
396,APEX-P,APEX Management,2024-04-01,1357.0,APEXLB HRTAMBU,5.0,1357LB0037,2022-09-01,14
397,APEX-P,APEX Management,2024-04-01,1357.0,APEXLB LGNSERV,5.0,1357LB0215,2022-07-01,2
398,APEX-P,APEX Management,2024-04-01,1357.0,APEXLB PDMNTMD,5.0,1357LB0216,2022-07-01,1
399,APEX-P,APEX Management,2024-04-01,1357.0,APEXLB PEGUESH,5.0,1357LB0046,2022-08-01,1
400,APEX-P,APEX Management,2024-04-01,1357.0,APEXLB SUNMILL,5.0,1357LB0061,2022-09-01,12
401,APEX-P,APEX Management,2024-05-01,1357.0,APEXLB ALELECT,8.0,1357LB0259,2022-12-01,5
402,APEX-P,APEX Management,2024-05-01,1357.0,APEXLB CARESMT,5.0,1357LB0041,2022-08-01,1
403,APEX-P,APEX Management,2024-05-01,1357.0,APEXLB CARFAGN,5.0,1357LB0226,2022-09-01,1
404,APEX-P,APEX Management,2024-05-01,1357.0,APEXLB CHAPALA,5.0,1357LB0029,2022-08-01,2
405,APEX-P,APEX Management,2024-05-01,1357.0,APEXLB CLEAUTH,16.0,1357LB0262,2022-12-01,2
406,APEX-P,APEX Management,2024-05-01,1357.0,APEXLB DEENFRE,5.0,1357LB0028,2022-08-01,1
407,APEX-P,APEX Management,2024-05-01,1357.0,APEXLB DRAHSPT,5.0,1357LB0154,2022-10-01,7
408,APEX-P,APEX Management,2024-05-01,1357.0,APEXLB EFINTED,5.0,1357LB0072,2022-12-01,3
409,APEX-P,APEX Management,2024-05-01,1357.0,APEXLB EVRYDAY,5.0,1357LB0030,2022-08-01,10
410,APEX-P,APEX Management,2024-05-01,1357.0,APEXLB FAMSERV,1.0,1357LB0209,2022-06-30,21
411,APEX-P,APEX Management,2024-05-01,1357.0,APEXLB FTHFLLV,5.0,1357LB0071,2022-12-01,2
412,APEX-P,APEX Management,2024-05-01,1357.0,APEXLB GWGREEN,5.0,1357LB0151,2022-10-01,2
413,APEX-P,APEX Management,2024-05-01,1357.0,APEXLB HRTAMBU,5.0,1357LB0037,2022-09-01,9
414,APEX-P,APEX Management,2024-05-01,1357.0,APEXLB IPHENTR,5.0,1357LB0229,2022-08-01,6
415,APEX-P,APEX Management,2024-05-01,1357.0,APEXLB LAWNLTD,1.0,1357LB0200,2022-06-30,5
416,APEX-P,APEX Management,2024-05-01,1357.0,APEXLB LGNSERV,5.0,1357LB0215,2022-07-01,7
417,APEX-P,APEX Management,2024-05-01,1357.0,APEXLB MRICAIM,5.0,1357LB0053,2022-10-01,3
418,APEX-P,APEX Management,2024-05-01,1357.0,APEXLB PDMNTMD,5.0,1357LB0216,2022-07-01,14
419,APEX-P,APEX Management,2024-05-01,1357.0,APEXLB SPRTHSP,13.0,1357LB0264,2022-12-01,1
420,APEX-P,APEX Management,2024-05-01,1357.0,APEXLB SUNMILL,5.0,1357LB0061,2022-09-01,8
421,APEX-P,APEX Management,2024-06-01,1357.0,APEXLB ALELECT,8.0,1357LB0259,2022-12-01,2
422,APEX-P,APEX Management,2024-06-01,1357.0,APEXLB AMICIFD,5.0,1357LB0033,2022-09-01,3
423,APEX-P,APEX Management,2024-06-01,1357.0,APEXLB BLUESTL,5.0,1357LB0141,2022-08-01,1
424,APEX-P,APEX Management,2024-06-01,1357.0,APEXLB CARFAGN,5.0,1357LB0226,2022-09-01,2
425,APEX-P,APEX Management,2024-06-01,1357.0,APEXLB DRAHSPT,5.0,1357LB0154,2022-10-01,9
426,APEX-P,APEX Management,2024-06-01,1357.0,APEXLB EFINTED,5.0,1357LB0072,2022-12-01,2
427,APEX-P,APEX Management,2024-06-01,1357.0,APEXLB FAMSERV,1.0,1357LB0209,2022-06-30,14
428,APEX-P,APEX Management,2024-06-01,1357.0,APEXLB FTHFLLV,5.0,1357LB0071,2022-12-01,7
429,APEX-P,APEX Management,2024-06-01,1357.0,APEXLB GLDENYR,6.0,1357LB0256,2022-12-01,4
430,APEX-P,APEX Management,2024-06-01,1357.0,APEXLB GWGREEN,5.0,1357LB0151,2022-10-01,3
431,APEX-P,APEX Management,2024-06-01,1357.0,APEXLB HAXZ,5.0,1357LB0074,2022-11-01,1
432,APEX-P,APEX Management,2024-06-01,1357.0,APEXLB HPCNDOR,5.0,1357LB0212,2022-06-01,5
433,APEX-P,APEX Management,2024-06-01,1357.0,APEXLB HRTAMBU,5.0,1357LB0037,2022-09-01,10
434,APEX-P,APEX Management,2024-06-01,1357.0,APEXLB IPHENTR,5.0,1357LB0229,2022-08-01,1
435,APEX-P,APEX Management,2024-06-01,1357.0,APEXLB LGNSERV,5.0,1357LB0215,2022-07-01,1
436,APEX-P,APEX Management,2024-06-01,1357.0,APEXLB LSWSANGL,5.0,1357LB0156,2022-12-01,1
437,APEX-P,APEX Management,2024-06-01,1357.0,APEXLB MRICAIM,5.0,1357LB0053,2022-10-01,8
438,APEX-P,APEX Management,2024-06-01,1357.0,APEXLB PDMNTMD,5.0,1357LB0216,2022-07-01,3
439,APEX-P,APEX Management,2024-06-01,1357.0,APEXLB SUNMILL,5.0,1357LB0061,2022-09-01,4
440,APEX-P,APEX Management,2024-07-01,1357.0,APEXLB ALELECT,8.0,1357LB0259,2022-12-01,3
441,APEX-P,APEX Management,2024-07-01,1357.0,APEXLB ALLSRVE,5.0,1357LB0047,2022-09-01,1
442,APEX-P,APEX Management,2024-07-01,1357.0,APEXLB BEARSSH,5.0,1357LB0054,2022-10-01,1
443,APEX-P,APEX Management,2024-07-01,1357.0,APEXLB BRKATEJ,5.0,1357LB0153,2022-11-01,2
444,APEX-P,APEX Management,2024-07-01,1357.0,APEXLB CHAPALA,5.0,1357LB0029,2022-08-01,3
445,APEX-P,APEX Management,2024-07-01,1357.0,APEXLB EFINTED,5.0,1357LB0072,2022-12-01,1
446,APEX-P,APEX Management,2024-07-01,1357.0,APEXLB EVRYDAY,5.0,1357LB0030,2022-08-01,2
447,APEX-P,APEX Management,2024-07-01,1357.0,APEXLB FAMSERV,1.0,1357LB0209,2022-06-30,11
448,APEX-P,APEX Management,2024-07-01,1357.0,APEXLB FTHFLLV,5.0,1357LB0071,2022-12-01,5
449,APEX-P,APEX Management,2024-07-01,1357.0,APEXLB GWGREEN,5.0,1357LB0151,2022-10-01,2
450,APEX-P,APEX Management,2024-07-01,1357.0,APEXLB HRTAMBU,5.0,1357LB0037,2022-09-01,2
451,APEX-P,APEX Management,2024-07-01,1357.0,APEXLB IPHENTR,5.0,1357LB0229,2022-08-01,6
452,APEX-P,APEX Management,2024-07-01,1357.0,APEXLB LGNSERV,5.0,1357LB0215,2022-07-01,1
453,APEX-P,APEX Management,2024-07-01,1357.0,APEXLB MRICAIM,5.0,1357LB0053,2022-10-01,1
454,APEX-P,APEX Management,2024-07-01,1357.0,APEXLB PDMNTMD,5.0,1357LB0216,2022-07-01,6
455,APEX-P,APEX Management,2024-07-01,1357.0,APEXLB PESEKNC,5.0,1357LB0231,2022-09-01,1
456,APEX-P,APEX Management,2024-07-01,1357.0,APEXLB SPDNBAK,1.0,1357LB0210,2022-06-30,1
457,APEX-P,APEX Management,2024-07-01,1357.0,APEXLB SUNMILL,5.0,1357LB0061,2022-09-01,10
458,APEX-P,APEX Management,2024-08-01,1357.0,APEXLB EFINTED,5.0,1357LB0072,2022-12-01,2
459,APEX-P,APEX Management,2024-08-01,1357.0,APEXLB FTHFLLV,5.0,1357LB0071,2022-12-01,4
460,APEX-P,APEX Management,2024-08-01,1357.0,APEXLB GLDENYR,6.0,1357LB0256,2022-12-01,1
461,APEX-P,APEX Management,2024-08-01,1357.0,APEXLB PDMNTMD,5.0,1357LB0216,2022-07-01,5
462,APEX-P,APEX Management,2024-08-01,1357.0,APEXLB SUNMILL,5.0,1357LB0061,2022-09-01,1
463,APEX-P,APEX Management,2024-09-01,1357.0,APEXLB CARFAGN,5.0,1357LB0226,2022-09-01,3
464,APEX-P,APEX Management,2024-09-01,1357.0,APEXLB FAMSERV,1.0,1357LB0209,2022-06-30,5
465,APEX-P,APEX Management,2024-09-01,1357.0,APEXLB GLDENYR,6.0,1357LB0256,2022-12-01,2
466,APEX-P,APEX Management,2024-09-01,1357.0,APEXLB HRTAMBU,5.0,1357LB0037,2022-09-01,1
467,APEX-P,APEX Management,2024-09-01,1357.0,APEXLB IPHENTR,5.0,1357LB0229,2022-08-01,2
468,APEX-P,APEX Management,2024-09-01,1357.0,APEXLB PDMNTMD,5.0,1357LB0216,2022-07-01,1
469,APEX-P,APEX Management,2024-09-01,1357.0,APEXLB PESEKNC,5.0,1357LB0231,2022-09-01,1
470,APEX-P,APEX Management,2024-09-01,1357.0,APEXLB SUNMILL,5.0,1357LB0061,2022-09-01,1
471,APEX-P,APEX Management,2024-09-01,1357.0,APEXLB TALLGUY,5.0,1357LB0217,2022-08-01,1
472,APEX-P,APEX Management,2024-10-01,1357.0,APEXLB ALELECT,8.0,1357LB0259,2022-12-01,1
473,APEX-P,APEX Management,2024-10-01,1357.0,APEXLB BRDRMSC,5.0,1357LB0062,2022-12-01,2
474,APEX-P,APEX Management,2024-10-01,1357.0,APEXLB FAMSRCR,5.0,1357LB0208,2022-06-01,2
475,APEX-P,APEX Management,2024-10-01,1357.0,APEXLB FTHFLLV,5.0,1357LB0071,2022-12-01,4
476,APEX-P,APEX Management,2024-10-01,1357.0,APEXLB GLDENYR,6.0,1357LB0256,2022-12-01,4
477,APEX-P,APEX Management,2024-10-01,1357.0,APEXLB HRTAMBU,5.0,1357LB0037,2022-09-01,1
478,APEX-P,APEX Management,2024-10-01,1357.0,APEXLB LAWNLTD,1.0,1357LB0200,2022-06-30,2
479,APEX-P,APEX Management,2024-10-01,1357.0,APEXLB PDMNTMD,5.0,1357LB0216,2022-07-01,4
480,APEX-P,APEX Management,2024-10-01,1357.0,APEXLB SUNMILL,5.0,1357LB0061,2022-09-01,1
481,APEX-P,APEX Management,2024-10-01,1357.0,APEXLB TALLGUY,5.0,1357LB0217,2022-08-01,1
482,APEX-P,APEX Management,2024-11-01,1357.0,APEXLB BLUESTL,5.0,1357LB0141,2022-08-01,1
483,APEX-P,APEX Management,2024-11-01,1357.0,APEXLB BRDRMSC,5.0,1357LB0062,2022-12-01,3
484,APEX-P,APEX Management,2024-11-01,1357.0,APEXLB CARFAGN,5.0,1357LB0226,2022-09-01,4
485,APEX-P,APEX Management,2024-11-01,1357.0,APEXLB DRAHSPT,5.0,1357LB0154,2022-10-01,1
486,APEX-P,APEX Management,2024-11-01,1357.0,APEXLB EFFRMHC,5.0,1357LB0069,2022-11-01,1
487,APEX-P,APEX Management,2024-11-01,1357.0,APEXLB FAMSRCR,5.0,1357LB0208,2022-06-01,6
488,APEX-P,APEX Management,2024-11-01,1357.0,APEXLB GWGREEN,5.0,1357LB0151,2022-10-01,2
489,APEX-P,APEX Management,2024-11-01,1357.0,APEXLB HRTAMBU,5.0,1357LB0037,2022-09-01,3
490,APEX-P,APEX Management,2024-11-01,1357.0,APEXLB LAWNLTD,1.0,1357LB0200,2022-06-30,1
491,APEX-P,APEX Management,2024-11-01,1357.0,APEXLB MERSGRP,5.0,1357LB0213,2022-07-01,1
492,APEX-P,APEX Management,2024-11-01,1357.0,APEXLB NCNRMNS,1.0,1357LB0202,2022-06-30,1
493,APEX-P,APEX Management,2024-11-01,1357.0,APEXLB PESEKNC,5.0,1357LB0231,2022-09-01,3
494,APEX-P,APEX Management,2024-11-01,1357.0,APEXLB SUNMILL,5.0,1357LB0061,2022-09-01,3
495,APEX-P,APEX Management,2024-12-01,1357.0,APEXLB BLUESTL,5.0,1357LB0141,2022-08-01,1
496,APEX-P,APEX Management,2024-12-01,1357.0,APEXLB BRDRMSC,5.0,1357LB0062,2022-12-01,2
497,APEX-P,APEX Management,2024-12-01,1357.0,APEXLB CARFAGN,5.0,1357LB0226,2022-09-01,4
498,APEX-P,APEX Management,2024-12-01,1357.0,APEXLB DEENFRE,5.0,1357LB0028,2022-08-01,1
499,APEX-P,APEX Management,2024-12-01,1357.0,APEXLB DRAHSPT,5.0,1357LB0154,2022-10-01,1
500,APEX-P,APEX Management,2024-12-01,1357.0,APEXLB EVRYDAY,5.0,1357LB0030,2022-08-01,2
501,APEX-P,APEX Management,2024-12-01,1357.0,APEXLB FAMSERV,1.0,1357LB0209,2022-06-30,1
502,APEX-P,APEX Management,2024-12-01,1357.0,APEXLB HRTAMBU,5.0,1357LB0037,2022-09-01,4
503,APEX-P,APEX Management,2024-12-01,1357.0,APEXLB LAWNLTD,1.0,1357LB0200,2022-06-30,2
504,APEX-P,APEX Management,2024-12-01,1357.0,APEXLB MRICAIM,5.0,1357LB0053,2022-10-01,1
505,APEX-P,APEX Management,2024-12-01,1357.0,APEXLB PESEKNC,5.0,1357LB0231,2022-09-01,1
506,APEX-P,APEX Management,2024-12-01,1357.0,APEXLB SUNMILL,5.0,1357LB0061,2022-09-01,1
507,APEX-P,APEX Management,2025-01-01,1357.0,APEXLB ALELECT,8.0,1357LB0259,2022-12-01,3
508,APEX-P,APEX Management,2025-01-01,1357.0,APEXLB BRDRMSC,5.0,1357LB0062,2022-12-01,4
509,APEX-P,APEX Management,2025-01-01,1357.0,APEXLB CARFAGN,5.0,1357LB0226,2022-09-01,4
510,APEX-P,APEX Management,2025-01-01,1357.0,APEXLB DEENFRE,5.0,1357LB0028,2022-08-01,1
511,APEX-P,APEX Management,2025-01-01,1357.0,APEXLB DRAHSPT,5.0,1357LB0154,2022-10-01,1
512,APEX-P,APEX Management,2025-01-01,1357.0,APEXLB EFFRMHC,5.0,1357LB0069,2022-11-01,1
513,APEX-P,APEX Management,2025-01-01,1357.0,APEXLB EVRYDAY,5.0,1357LB0030,2022-08-01,2
514,APEX-P,APEX Management,2025-01-01,1357.0,APEXLB FTHFLLV,5.0,1357LB0071,2022-12-01,14
515,APEX-P,APEX Management,2025-01-01,1357.0,APEXLB GWGREEN,5.0,1357LB0151,2022-10-01,1
516,APEX-P,APEX Management,2025-01-01,1357.0,APEXLB HLLGRCY,11.0,1357LB0260,2022-11-01,1
517,APEX-P,APEX Management,2025-01-01,1357.0,APEXLB HRTAMBU,5.0,1357LB0037,2022-09-01,6
518,APEX-P,APEX Management,2025-01-01,1357.0,APEXLB LAWNLTD,1.0,1357LB0200,2022-06-30,6
519,APEX-P,APEX Management,2025-01-01,1357.0,APEXLB LGNSERV,5.0,1357LB0215,2022-07-01,2
520,APEX-P,APEX Management,2025-01-01,1357.0,APEXLB MERSGRP,5.0,1357LB0213,2022-07-01,4
521,APEX-P,APEX Management,2025-01-01,1357.0,APEXLB MRICAIM,5.0,1357LB0053,2022-10-01,1
522,APEX-P,APEX Management,2025-01-01,1357.0,APEXLB PESEKNC,5.0,1357LB0231,2022-09-01,1
523,APEX-P,APEX Management,2025-01-01,1357.0,APEXLB SUNMILL,5.0,1357LB0061,2022-09-01,16
524,APEX-P,APEX Management,2025-02-01,1357.0,APEXLB ALELECT,8.0,1357LB0259,2022-12-01,3
525,APEX-P,APEX Management,2025-02-01,1357.0,APEXLB ALLSRVE,5.0,1357LB0047,2022-09-01,1
526,APEX-P,APEX Management,2025-02-01,1357.0,APEXLB AMICIFD,5.0,1357LB0033,2022-09-01,6
527,APEX-P,APEX Management,2025-02-01,1357.0,APEXLB APALLNY,5.0,1357LB0143,2022-10-01,1
528,APEX-P,APEX Management,2025-02-01,1357.0,APEXLB BRDRMSC,5.0,1357LB0062,2022-12-01,17
529,APEX-P,APEX Management,2025-02-01,1357.0,APEXLB CARFAGN,5.0,1357LB0226,2022-09-01,3
530,APEX-P,APEX Management,2025-02-01,1357.0,APEXLB DEENFRE,5.0,1357LB0028,2022-08-01,2
531,APEX-P,APEX Management,2025-02-01,1357.0,APEXLB DRAHSPT,5.0,1357LB0154,2022-10-01,7
532,APEX-P,APEX Management,2025-02-01,1357.0,APEXLB FAMSERV,1.0,1357LB0209,2022-06-30,3
533,APEX-P,APEX Management,2025-02-01,1357.0,APEXLB FAMSRCR,5.0,1357LB0208,2022-06-01,2
534,APEX-P,APEX Management,2025-02-01,1357.0,APEXLB FTHFLLV,5.0,1357LB0071,2022-12-01,16
535,APEX-P,APEX Management,2025-02-01,1357.0,APEXLB HLLGRCY,11.0,1357LB0260,2022-11-01,5
536,APEX-P,APEX Management,2025-02-01,1357.0,APEXLB HRTAMBU,5.0,1357LB0037,2022-09-01,12
537,APEX-P,APEX Management,2025-02-01,1357.0,APEXLB MERSGRP,5.0,1357LB0213,2022-07-01,1
538,APEX-P,APEX Management,2025-02-01,1357.0,APEXLB MRICAIM,5.0,1357LB0053,2022-10-01,10
539,APEX-P,APEX Management,2025-02-01,1357.0,APEXLB SUNMILL,5.0,1357LB0061,2022-09-01,13
540,APEX-P,APEX Management,2025-03-01,1357.0,APEXLB ALELECT,8.0,1357LB0259,2022-12-01,6
541,APEX-P,APEX Management,2025-03-01,1357.0,APEXLB APALLNY,5.0,1357LB0143,2022-10-01,2
542,APEX-P,APEX Management,2025-03-01,1357.0,APEXLB BRDRMSC,5.0,1357LB0062,2022-12-01,3
543,APEX-P,APEX Management,2025-03-01,1357.0,APEXLB BRKATEJ,5.0,1357LB0153,2022-11-01,2
544,APEX-P,APEX Management,2025-03-01,1357.0,APEXLB CARFAGN,5.0,1357LB0226,2022-09-01,1
545,APEX-P,APEX Management,2025-03-01,1357.0,APEXLB DRAHSPT,5.0,1357LB0154,2022-10-01,7
546,APEX-P,APEX Management,2025-03-01,1357.0,APEXLB FAMSERV,1.0,1357LB0209,2022-06-30,6
547,APEX-P,APEX Management,2025-03-01,1357.0,APEXLB FAMSRCR,5.0,1357LB0208,2022-06-01,1
548,APEX-P,APEX Management,2025-03-01,1357.0,APEXLB FTHFLLV,5.0,1357LB0071,2022-12-01,24
549,APEX-P,APEX Management,2025-03-01,1357.0,APEXLB GWGREEN,5.0,1357LB0151,2022-10-01,10
550,APEX-P,APEX Management,2025-03-01,1357.0,APEXLB HRTAMBU,5.0,1357LB0037,2022-09-01,5
551,APEX-P,APEX Management,2025-03-01,1357.0,APEXLB LAWNLTD,1.0,1357LB0200,2022-06-30,1
552,APEX-P,APEX Management,2025-03-01,1357.0,APEXLB LGNSERV,5.0,1357LB0215,2022-07-01,1
553,APEX-P,APEX Management,2025-03-01,1357.0,APEXLB MRICAIM,5.0,1357LB0053,2022-10-01,1
554,APEX-P,APEX Management,2025-03-01,1357.0,APEXLB NCNRMNS,1.0,1357LB0202,2022-06-30,2
555,APEX-P,APEX Management,2025-03-01,1357.0,APEXLB SUNMILL,5.0,1357LB0061,2022-09-01,11
556,APEX-P,APEX Management,2025-04-01,1357.0,APEXLB FTHFLLV,5.0,1357LB0071,2022-12-01,2
557,APEX-P,APEX Management,2025-04-01,1357.0,APEXLB HRTAMBU,5.0,1357LB0037,2022-09-01,2
558,APEX-P,APEX Management,2025-04-01,1357.0,APEXLB SUNMILL,5.0,1357LB0061,2022-09-01,2
559,ASRM-P,ASRM,2024-01-01,3816.0,ASRM MIHOML,138.0,3816H50001,2012-03-01,2
560,ASRM-P,ASRM,2024-02-01,3816.0,ASRM MIHOML,138.0,3816H50001,2012-03-01,5
561,ASRM-P,ASRM,2024-03-01,3816.0,ASRM MIHOML,138.0,3816H50001,2012-03-01,6
562,ASRM-P,ASRM,2024-04-01,3816.0,ASRM MIHOML,138.0,3816H50001,2012-03-01,1
563,ASRM-P,ASRM,2024-05-01,3816.0,ASRM MIHOML,138.0,3816H50001,2012-03-01,5
564,ASRM-P,ASRM,2024-06-01,3816.0,ASRM MIHOML,138.0,3816H50001,2012-03-01,3
565,ASRM-P,ASRM,2024-07-01,3816.0,ASRM MIHOML,138.0,3816H50001,2012-03-01,3
566,ASRM-P,ASRM,2024-12-01,3816.0,ASRM MIHOML,138.0,3816H50001,2012-03-01,2
567,ASRM-P,ASRM,2025-03-01,3816.0,ASRM MIHOML,138.0,3816H50001,2012-03-01,1
568,GAP-P,Imagine360 Administrators,2024-01-01,4522.0,GAPPRAC H870879,1520.0,4522PO0207,2023-05-01,1818
569,GAP-P,Imagine360 Administrators,2024-01-01,4522.0,GAPPRAC H880050,267.0,4522PO0280,2023-05-01,4
570,GAP-P,Imagine360 Administrators,2024-01-01,4522.0,GAPPRAC H880183,299.0,4522PO0389,2023-05-01,648
571,GAP-P,Imagine360 Administrators,2024-02-01,4522.0,GAPPRAC H870879,1520.0,4522PO0207,2023-05-01,1576
572,GAP-P,Imagine360 Administrators,2024-02-01,4522.0,GAPPRAC H880183,299.0,4522PO0389,2023-05-01,594
573,GAP-P,Imagine360 Administrators,2024-03-01,4522.0,GAPPRAC H870879,1520.0,4522PO0207,2023-05-01,1246
574,GAP-P,Imagine360 Administrators,2024-03-01,4522.0,GAPPRAC H880050,267.0,4522PO0280,2023-05-01,62
575,GAP-P,Imagine360 Administrators,2024-03-01,4522.0,GAPPRAC H880183,299.0,4522PO0389,2023-05-01,788
576,GAP-P,Imagine360 Administrators,2024-04-01,4522.0,GAPPRAC H870879,1520.0,4522PO0207,2023-05-01,2666
577,GAP-P,Imagine360 Administrators,2024-04-01,4522.0,GAPPRAC H880050,267.0,4522PO0280,2023-05-01,440
578,GAP-P,Imagine360 Administrators,2024-04-01,4522.0,GAPPRAC H880183,299.0,4522PO0389,2023-05-01,1332
579,GAP-P,Imagine360 Administrators,2024-05-01,4522.0,GAPPRAC H870879,1520.0,4522PO0207,2023-05-01,2506
580,GAP-P,Imagine360 Administrators,2024-05-01,4522.0,GAPPRAC H880050,267.0,4522PO0280,2023-05-01,224
581,GAP-P,Imagine360 Administrators,2024-05-01,4522.0,GAPPRAC H880183,299.0,4522PO0389,2023-05-01,1132
582,GAP-P,Imagine360 Administrators,2024-06-01,4522.0,GAPPRAC H870879,1520.0,4522PO0207,2023-05-01,1998
583,GAP-P,Imagine360 Administrators,2024-06-01,4522.0,GAPPRAC H880050,267.0,4522PO0280,2023-05-01,296
584,GAP-P,Imagine360 Administrators,2024-06-01,4522.0,GAPPRAC H880183,299.0,4522PO0389,2023-05-01,720
585,GAP-P,Imagine360 Administrators,2024-07-01,4522.0,GAPPRAC H870879,1520.0,4522PO0207,2023-05-01,1282
586,GAP-P,Imagine360 Administrators,2024-07-01,4522.0,GAPPRAC H880050,267.0,4522PO0280,2023-05-01,130
587,GAP-P,Imagine360 Administrators,2024-07-01,4522.0,GAPPRAC H880183,299.0,4522PO0389,2023-05-01,576
588,GAP-P,Imagine360 Administrators,2024-08-01,4522.0,GAPPRAC H870879,1520.0,4522PO0207,2023-05-01,1790
589,GAP-P,Imagine360 Administrators,2024-08-01,4522.0,GAPPRAC H880050,267.0,4522PO0280,2023-05-01,222
590,GAP-P,Imagine360 Administrators,2024-08-01,4522.0,GAPPRAC H880183,299.0,4522PO0389,2023-05-01,628
591,GAP-P,Imagine360 Administrators,2024-09-01,4522.0,GAPPRAC H870879,1520.0,4522PO0207,2023-05-01,1432
592,GAP-P,Imagine360 Administrators,2024-09-01,4522.0,GAPPRAC H880050,267.0,4522PO0280,2023-05-01,192
593,GAP-P,Imagine360 Administrators,2024-09-01,4522.0,GAPPRAC H880183,299.0,4522PO0389,2023-05-01,808
594,GAP-P,Imagine360 Administrators,2024-10-01,4522.0,GAPPRAC H870879,1520.0,4522PO0207,2023-05-01,1590
595,GAP-P,Imagine360 Administrators,2024-10-01,4522.0,GAPPRAC H880050,267.0,4522PO0280,2023-05-01,198
596,GAP-P,Imagine360 Administrators,2024-10-01,4522.0,GAPPRAC H880183,299.0,4522PO0389,2023-05-01,622
597,GAP-P,Imagine360 Administrators,2024-11-01,4522.0,GAPPRAC H870879,1520.0,4522PO0207,2023-05-01,1790
598,GAP-P,Imagine360 Administrators,2024-11-01,4522.0,GAPPRAC H880050,267.0,4522PO0280,2023-05-01,326
599,GAP-P,Imagine360 Administrators,2024-11-01,4522.0,GAPPRAC H880183,299.0,4522PO0389,2023-05-01,650
600,GAP-P,Imagine360 Administrators,2024-12-01,4522.0,GAPPRAC H870879,1520.0,4522PO0207,2023-05-01,1490
601,GAP-P,Imagine360 Administrators,2024-12-01,4522.0,GAPPRAC H880050,267.0,4522PO0280,2023-05-01,218
602,GAP-P,Imagine360 Administrators,2024-12-01,4522.0,GAPPRAC H880183,299.0,4522PO0389,2023-05-01,528
603,GAP-P,Imagine360 Administrators,2025-01-01,4522.0,GAPPRAC H870879,1520.0,4522PO0207,2023-05-01,1290
604,GAP-P,Imagine360 Administrators,2025-01-01,4522.0,GAPPRAC H880050,267.0,4522PO0280,2023-05-01,216
605,GAP-P,Imagine360 Administrators,2025-01-01,4522.0,GAPPRAC H880183,299.0,4522PO0389,2023-05-01,682
606,GAP-P,Imagine360 Administrators,2025-02-01,4522.0,GAPPRAC H870879,1520.0,4522PO0207,2023-05-01,1736
607,GAP-P,Imagine360 Administrators,2025-02-01,4522.0,GAPPRAC H880050,267.0,4522PO0280,2023-05-01,238
608,GAP-P,Imagine360 Administrators,2025-02-01,4522.0,GAPPRAC H880183,299.0,4522PO0389,2023-05-01,854
609,GAP-P,Imagine360 Administrators,2025-03-01,4522.0,GAPPRAC H870879,1520.0,4522PO0207,2023-05-01,1590
610,GAP-P,Imagine360 Administrators,2025-03-01,4522.0,GAPPRAC H880050,267.0,4522PO0280,2023-05-01,252
611,GAP-P,Imagine360 Administrators,2025-03-01,4522.0,GAPPRAC H880183,299.0,4522PO0389,2023-05-01,566
612,GAP-P,Imagine360 Administrators,2025-04-01,4522.0,GAPPRAC H870879,1520.0,4522PO0207,2023-05-01,58
613,GAP-P,Imagine360 Administrators,2025-04-01,4522.0,GAPPRAC H880050,267.0,4522PO0280,2023-05-01,6
614,GAP-P,Imagine360 Administrators,2025-04-01,4522.0,GAPPRAC H880183,299.0,4522PO0389,2023-05-01,12
615,HFPS-P,HealthFirst Preventive Service PREVENTIVE SERVICES,2024-01-01,1129.0,HFPSPS PERTA,1.0,1129PS0011,2015-06-01,1
616,HFPS-P,HealthFirst Preventive Service PREVENTIVE SERVICES,2024-02-01,1129.0,HFPSPS PERTA,1.0,1129PS0011,2015-06-01,7
617,HFPS-P,HealthFirst Preventive Service PREVENTIVE SERVICES,2024-05-01,1129.0,HFPSPS PERTA,1.0,1129PS0011,2015-06-01,3
618,HFPS-P,HealthFirst Preventive Service PREVENTIVE SERVICES,2024-06-01,1129.0,HFPSPS PERTA,1.0,1129PS0011,2015-06-01,2
619,HFPS-P,HealthFirst Preventive Service PREVENTIVE SERVICES,2024-08-01,1129.0,HFPSPS PERTA,1.0,1129PS0011,2015-06-01,8
620,HFPS-P,HealthFirst Preventive Service PREVENTIVE SERVICES,2024-09-01,1129.0,HFPSPS PERTA,1.0,1129PS0011,2015-06-01,2
621,HFPS-P,HealthFirst Preventive Service PREVENTIVE SERVICES,2024-10-01,1129.0,HFPSPS PERTA,1.0,1129PS0011,2015-06-01,3
622,HFPS-P,HealthFirst Preventive Service PREVENTIVE SERVICES,2024-11-01,1129.0,HFPSPS PERTA,1.0,1129PS0011,2015-06-01,3
623,HFPS-P,HealthFirst Preventive Service PREVENTIVE SERVICES,2024-12-01,1129.0,HFPSPS PERTA,1.0,1129PS0011,2015-06-01,2
624,HFPS-P,HealthFirst Preventive Service PREVENTIVE SERVICES,2025-02-01,1129.0,HFPSPS PERTA,1.0,1129PS0011,2015-06-01,1
625,HFPS-P,HealthFirst Preventive Service PREVENTIVE SERVICES,2025-03-01,1129.0,HFPSPS PERTA,1.0,1129PS0011,2015-06-01,2
626,ICHP-P,AmeriHealth Admin/ICHP,2024-01-01,1832.0,ICHPHEOS HEMP,50.0,1832HE0002,2018-12-01,406
627,ICHP-P,AmeriHealth Admin/ICHP,2024-02-01,1832.0,ICHPHEOS HEMP,50.0,1832HE0002,2018-12-01,384
628,ICHP-P,AmeriHealth Admin/ICHP,2024-03-01,1832.0,ICHPHEOS HEMP,50.0,1832HE0002,2018-12-01,348
629,ICHP-P,AmeriHealth Admin/ICHP,2024-04-01,1832.0,ICHPHEOS HEMP,50.0,1832HE0002,2018-12-01,370
630,ICHP-P,AmeriHealth Admin/ICHP,2024-05-01,1832.0,ICHPHEOS HEMP,50.0,1832HE0002,2018-12-01,344
631,ICHP-P,AmeriHealth Admin/ICHP,2024-06-01,1832.0,ICHPHEOS HEMP,50.0,1832HE0002,2018-12-01,363
632,ICHP-P,AmeriHealth Admin/ICHP,2024-07-01,1832.0,ICHPHEOS HEMP,50.0,1832HE0002,2018-12-01,227
633,ICHP-P,AmeriHealth Admin/ICHP,2024-08-01,1832.0,ICHPHEOS HEMP,50.0,1832HE0002,2018-12-01,388
634,ICHP-P,AmeriHealth Admin/ICHP,2024-09-01,1832.0,ICHPHEOS HEMP,50.0,1832HE0002,2018-12-01,572
635,ICHP-P,AmeriHealth Admin/ICHP,2024-10-01,1832.0,ICHPHEOS HEMP,50.0,1832HE0002,2018-12-01,663
636,ICHP-P,AmeriHealth Admin/ICHP,2024-11-01,1832.0,ICHPHEOS HEMP,50.0,1832HE0002,2018-12-01,396
637,ICHP-P,AmeriHealth Admin/ICHP,2024-12-01,1832.0,ICHPHEOS HEMP,50.0,1832HE0002,2018-12-01,349
638,ICHP-P,AmeriHealth Admin/ICHP,2025-01-01,1832.0,ICHPHEOS HEMP,50.0,1832HE0002,2018-12-01,172
639,ICHP-P,AmeriHealth Admin/ICHP,2025-02-01,1832.0,ICHPHEOS HEMP,50.0,1832HE0002,2018-12-01,78
640,ICHP-P,AmeriHealth Admin/ICHP,2025-03-01,1832.0,ICHPHEOS HEMP,50.0,1832HE0002,2018-12-01,77
641,ICHP-P,AmeriHealth Admin/ICHP,2025-04-01,1832.0,ICHPHEOS HEMP,50.0,1832HE0002,2018-12-01,21
642,LST-P,Fringe Benefit Group,2024-01-01,5297.0,LST FCV8786VBP,20.0,5297C10001,2025-03-31,5
643,LST-P,Fringe Benefit Group,2024-01-01,5297.0,LSTLBP FSL8883,24.0,5297LB0522,2021-10-01,4
644,LST-P,Fringe Benefit Group,2024-01-01,5297.0,LSTLBP FSL8884,17.0,5297LB0523,2021-10-01,2
645,LST-P,Fringe Benefit Group,2024-02-01,5297.0,LST FCV8786VBP,20.0,5297C10001,2025-03-31,40
646,LST-P,Fringe Benefit Group,2024-02-01,5297.0,LSTLBP FSL8883,24.0,5297LB0522,2021-10-01,8
647,LST-P,Fringe Benefit Group,2024-03-01,5297.0,LSTLBP FSL8883,24.0,5297LB0522,2021-10-01,2
648,LST-P,Fringe Benefit Group,2024-03-01,5297.0,LSTLBP FSL8884,17.0,5297LB0523,2021-10-01,1
649,LST-P,Fringe Benefit Group,2024-04-01,5297.0,LST FCV8786VBP,20.0,5297C10001,2025-03-31,7
650,LST-P,Fringe Benefit Group,2024-04-01,5297.0,LST FSL8726VBP,1.0,5297B60001,2025-01-01,5
651,LST-P,Fringe Benefit Group,2024-04-01,5297.0,LSTLBP FR1574,349.0,5297LB0531,2021-10-01,4
652,LST-P,Fringe Benefit Group,2024-04-01,5297.0,LSTLBP FSL8883,24.0,5297LB0522,2021-10-01,5
653,LST-P,Fringe Benefit Group,2024-05-01,5297.0,LST FCV8786VBP,20.0,5297C10001,2025-03-31,28
654,LST-P,Fringe Benefit Group,2024-05-01,5297.0,LST FSL8660VBP,9.0,5297C40001,2025-01-01,1
655,LST-P,Fringe Benefit Group,2024-05-01,5297.0,LST FSL8726VBP,1.0,5297B60001,2025-01-01,1
656,LST-P,Fringe Benefit Group,2024-05-01,5297.0,LST FV1640VBP,1.0,5297B30001,2025-01-01,1
657,LST-P,Fringe Benefit Group,2024-05-01,5297.0,LSTLBP FR1574,349.0,5297LB0531,2021-10-01,2
658,LST-P,Fringe Benefit Group,2024-05-01,5297.0,LSTLBP FSL8883,24.0,5297LB0522,2021-10-01,3
659,LST-P,Fringe Benefit Group,2024-06-01,5297.0,LST FCR1527VBP,3.0,5297E40001,2025-04-01,2
660,LST-P,Fringe Benefit Group,2024-06-01,5297.0,LST FCV8786VBP,20.0,5297C10001,2025-03-31,3
661,LST-P,Fringe Benefit Group,2024-06-01,5297.0,LSTLBP FSL8884,17.0,5297LB0523,2021-10-01,6
662,LST-P,Fringe Benefit Group,2024-07-01,5297.0,LST FCV8786VBP,20.0,5297C10001,2025-03-31,5
663,LST-P,Fringe Benefit Group,2024-07-01,5297.0,LST FSL8726VBP,1.0,5297B60001,2025-01-01,1
664,LST-P,Fringe Benefit Group,2024-07-01,5297.0,LST FSL8917VBP,1.0,5297B70001,2025-03-31,1
665,LST-P,Fringe Benefit Group,2024-07-01,5297.0,LSTLBP FSL8883,24.0,5297LB0522,2021-10-01,7
666,LST-P,Fringe Benefit Group,2024-07-01,5297.0,LSTLBP FSL8884,17.0,5297LB0523,2021-10-01,5
667,LST-P,Fringe Benefit Group,2024-08-01,5297.0,LST FCR1527VBP,3.0,5297E40001,2025-04-01,1
668,LST-P,Fringe Benefit Group,2024-08-01,5297.0,LST FCV8786VBP,20.0,5297C10001,2025-03-31,7
669,LST-P,Fringe Benefit Group,2024-08-01,5297.0,LST FSL8726VBP,1.0,5297B60001,2025-01-01,4
670,LST-P,Fringe Benefit Group,2024-08-01,5297.0,LSTLBP FSL8883,24.0,5297LB0522,2021-10-01,1
671,LST-P,Fringe Benefit Group,2024-08-01,5297.0,LSTLBP FSL8884,17.0,5297LB0523,2021-10-01,3
672,LST-P,Fringe Benefit Group,2024-09-01,5297.0,LST FCV8786VBP,20.0,5297C10001,2025-03-31,16
673,LST-P,Fringe Benefit Group,2024-09-01,5297.0,LSTLBP FSL8883,24.0,5297LB0522,2021-10-01,3
674,LST-P,Fringe Benefit Group,2024-10-01,5297.0,LST FCR1527VBP,3.0,5297E40001,2025-04-01,9
675,LST-P,Fringe Benefit Group,2024-10-01,5297.0,LST FCV8786VBP,20.0,5297C10001,2025-03-31,5
676,LST-P,Fringe Benefit Group,2024-11-01,5297.0,LST FCV8786VBP,20.0,5297C10001,2025-03-31,9
677,LST-P,Fringe Benefit Group,2024-11-01,5297.0,LST FSL8628VBP,1.0,5297B50001,2025-03-31,5
678,LST-P,Fringe Benefit Group,2024-11-01,5297.0,LSTLBP FSL8884,17.0,5297LB0523,2021-10-01,2
679,LST-P,Fringe Benefit Group,2024-12-01,5297.0,LST FCV8786VBP,20.0,5297C10001,2025-03-31,14
680,LST-P,Fringe Benefit Group,2024-12-01,5297.0,LST FSL8628VBP,1.0,5297B50001,2025-03-31,3
681,LST-P,Fringe Benefit Group,2024-12-01,5297.0,LST FSL8660VBP,9.0,5297C40001,2025-01-01,2
682,LST-P,Fringe Benefit Group,2024-12-01,5297.0,LST FSL8726VBP,1.0,5297B60001,2025-01-01,1
683,LST-P,Fringe Benefit Group,2025-01-01,5297.0,LST FCR8613VBP,5.0,5297C50001,2025-03-31,3
684,LST-P,Fringe Benefit Group,2025-01-01,5297.0,LST FCV8786VBP,20.0,5297C10001,2025-03-31,3
685,LST-P,Fringe Benefit Group,2025-01-01,5297.0,LSTLBP FSL8883,24.0,5297LB0522,2021-10-01,2
686,LST-P,Fringe Benefit Group,2025-01-01,5297.0,LSTLBP FSL8884,17.0,5297LB0523,2021-10-01,2
687,LST-P,Fringe Benefit Group,2025-02-01,5297.0,LST FCR8455VBP,1.0,5297B80001,2025-01-01,1
688,LST-P,Fringe Benefit Group,2025-02-01,5297.0,LST FCV8786VBP,20.0,5297C10001,2025-03-31,2
689,LST-P,Fringe Benefit Group,2025-02-01,5297.0,LST FSL8923VBP,1.0,5297E60001,2024-11-01,1
690,LST-P,Fringe Benefit Group,2025-02-01,5297.0,LSTLBP FSL8883,24.0,5297LB0522,2021-10-01,1
691,LST-P,Fringe Benefit Group,2025-03-01,5297.0,LST FCR8455VBP,1.0,5297B80001,2025-01-01,1
692,LST-P,Fringe Benefit Group,2025-03-01,5297.0,LST FCV8786VBP,20.0,5297C10001,2025-03-31,20
693,LST-P,Fringe Benefit Group,2025-03-01,5297.0,LST FSL8628VBP,1.0,5297B50001,2025-03-31,1
694,LST-P,Fringe Benefit Group,2025-03-01,5297.0,LST FSL8726VBP,1.0,5297B60001,2025-01-01,1
695,LST-P,Fringe Benefit Group,2025-03-01,5297.0,LST FSL8923VBP,1.0,5297E60001,2024-11-01,1
696,LST-P,Fringe Benefit Group,2025-03-01,5297.0,LST FV1640VBP,1.0,5297B30001,2025-01-01,1
697,LST-P,Fringe Benefit Group,2025-03-01,5297.0,LSTLBP FSL8883,24.0,5297LB0522,2021-10-01,5
698,LST-P,Fringe Benefit Group,2025-03-01,5297.0,LSTLBP FSL8884,17.0,5297LB0523,2021-10-01,1
699,LST-P,Fringe Benefit Group,2025-04-01,5297.0,LST FCV8786VBP,20.0,5297C10001,2025-03-31,1
700,LST-P,Fringe Benefit Group,2025-04-01,5297.0,LST FV1544VBP,2.0,5297G20001,2025-03-31,1
701,LST-P,Fringe Benefit Group,2025-04-01,5297.0,LSTLBP FSL8884,17.0,5297LB0523,2021-10-01,1
702,RCI-P,Regional Care Inc,2024-01-01,5068.0,RCIPRAC ATXDRNK,1.0,5068PO0064,2022-06-30,5
703,RCI-P,Regional Care Inc,2024-01-01,5068.0,RCIPRAC BENEBCG,1.0,5068PO0024,2022-06-30,3
704,RCI-P,Regional Care Inc,2024-01-01,5068.0,RCIPRAC BIGCITY,1.0,5068PO0049,2022-06-30,5
705,RCI-P,Regional Care Inc,2024-01-01,5068.0,RCIPRAC DXSIGNS,1.0,5068PO0062,2022-06-30,5
706,RCI-P,Regional Care Inc,2024-01-01,5068.0,RCIPRAC KAWOLFE,1.0,5068PO0022,2022-06-30,19
707,RCI-P,Regional Care Inc,2024-01-01,5068.0,RCIPRAC MAGPIES,1.0,5068PO0023,2022-06-30,10
708,RCI-P,Regional Care Inc,2024-02-01,5068.0,RCIPRAC AWESMLF,1.0,5068PO0068,2022-06-30,2
709,RCI-P,Regional Care Inc,2024-02-01,5068.0,RCIPRAC BENEBCG,1.0,5068PO0024,2022-06-30,3
710,RCI-P,Regional Care Inc,2024-02-01,5068.0,RCIPRAC BIGCITY,1.0,5068PO0049,2022-06-30,10
711,RCI-P,Regional Care Inc,2024-02-01,5068.0,RCIPRAC DXSIGNS,1.0,5068PO0062,2022-06-30,31
712,RCI-P,Regional Care Inc,2024-02-01,5068.0,RCIPRAC KAWOLFE,1.0,5068PO0022,2022-06-30,9
713,RCI-P,Regional Care Inc,2024-02-01,5068.0,RCIPRAC MYLPLMR,1.0,5068PO0067,2022-06-30,2
714,RCI-P,Regional Care Inc,2024-03-01,5068.0,RCIPRAC ATXDRNK,1.0,5068PO0064,2022-06-30,1
715,RCI-P,Regional Care Inc,2024-03-01,5068.0,RCIPRAC AWESMLF,1.0,5068PO0068,2022-06-30,1
716,RCI-P,Regional Care Inc,2024-03-01,5068.0,RCIPRAC BENEBCG,1.0,5068PO0024,2022-06-30,5
717,RCI-P,Regional Care Inc,2024-03-01,5068.0,RCIPRAC BIGCITY,1.0,5068PO0049,2022-06-30,11
718,RCI-P,Regional Care Inc,2024-03-01,5068.0,RCIPRAC DXSIGNS,1.0,5068PO0062,2022-06-30,27
719,RCI-P,Regional Care Inc,2024-03-01,5068.0,RCIPRAC MAGPIES,1.0,5068PO0023,2022-06-30,5
720,RCI-P,Regional Care Inc,2024-03-01,5068.0,RCIPRAC MYLPLMR,1.0,5068PO0067,2022-06-30,7
721,RCI-P,Regional Care Inc,2024-04-01,5068.0,RCIPRAC ATXDRNK,1.0,5068PO0064,2022-06-30,3
722,RCI-P,Regional Care Inc,2024-04-01,5068.0,RCIPRAC BENEBCG,1.0,5068PO0024,2022-06-30,1
723,RCI-P,Regional Care Inc,2024-04-01,5068.0,RCIPRAC BIGCITY,1.0,5068PO0049,2022-06-30,4
724,RCI-P,Regional Care Inc,2024-04-01,5068.0,RCIPRAC DXSIGNS,1.0,5068PO0062,2022-06-30,9
725,RCI-P,Regional Care Inc,2024-04-01,5068.0,RCIPRAC MAGPIES,1.0,5068PO0023,2022-06-30,4
726,RCI-P,Regional Care Inc,2024-04-01,5068.0,RCIPRAC MYLPLMR,1.0,5068PO0067,2022-06-30,2
727,RCI-P,Regional Care Inc,2024-05-01,5068.0,RCIPRAC ATXDRNK,1.0,5068PO0064,2022-06-30,12
728,RCI-P,Regional Care Inc,2024-05-01,5068.0,RCIPRAC AWESMLF,1.0,5068PO0068,2022-06-30,3
729,RCI-P,Regional Care Inc,2024-05-01,5068.0,RCIPRAC BENEBCG,1.0,5068PO0024,2022-06-30,1
730,RCI-P,Regional Care Inc,2024-05-01,5068.0,RCIPRAC BIGCITY,1.0,5068PO0049,2022-06-30,9
731,RCI-P,Regional Care Inc,2024-05-01,5068.0,RCIPRAC DXSIGNS,1.0,5068PO0062,2022-06-30,11
732,RCI-P,Regional Care Inc,2024-05-01,5068.0,RCIPRAC KAWOLFE,1.0,5068PO0022,2022-06-30,65
733,RCI-P,Regional Care Inc,2024-05-01,5068.0,RCIPRAC MYLPLMR,1.0,5068PO0067,2022-06-30,2
734,RCI-P,Regional Care Inc,2024-06-01,5068.0,RCIPRAC ATXDRNK,1.0,5068PO0064,2022-06-30,1
735,RCI-P,Regional Care Inc,2024-06-01,5068.0,RCIPRAC BIGCITY,1.0,5068PO0049,2022-06-30,2
736,RCI-P,Regional Care Inc,2024-06-01,5068.0,RCIPRAC DXSIGNS,1.0,5068PO0062,2022-06-30,5
737,RCI-P,Regional Care Inc,2024-06-01,5068.0,RCIPRAC KAWOLFE,1.0,5068PO0022,2022-06-30,47
738,RCI-P,Regional Care Inc,2024-06-01,5068.0,RCIPRAC MAGPIES,1.0,5068PO0023,2022-06-30,2
739,RCI-P,Regional Care Inc,2024-06-01,5068.0,RCIPRAC MYLPLMR,1.0,5068PO0067,2022-06-30,10
740,RCI-P,Regional Care Inc,2024-07-01,5068.0,RCIPRAC ATXDRNK,1.0,5068PO0064,2022-06-30,2
741,RCI-P,Regional Care Inc,2024-07-01,5068.0,RCIPRAC BENEBCG,1.0,5068PO0024,2022-06-30,3
742,RCI-P,Regional Care Inc,2024-07-01,5068.0,RCIPRAC BIGCITY,1.0,5068PO0049,2022-06-30,6
743,RCI-P,Regional Care Inc,2024-07-01,5068.0,RCIPRAC DXSIGNS,1.0,5068PO0062,2022-06-30,5
744,RCI-P,Regional Care Inc,2024-08-01,5068.0,RCIPRAC ATXDRNK,1.0,5068PO0064,2022-06-30,2
745,RCI-P,Regional Care Inc,2024-08-01,5068.0,RCIPRAC BENEBCG,1.0,5068PO0024,2022-06-30,9
746,RCI-P,Regional Care Inc,2024-08-01,5068.0,RCIPRAC BIGCITY,1.0,5068PO0049,2022-06-30,5
747,RCI-P,Regional Care Inc,2024-08-01,5068.0,RCIPRAC DXSIGNS,1.0,5068PO0062,2022-06-30,7
748,RCI-P,Regional Care Inc,2024-08-01,5068.0,RCIPRAC KAWOLFE,1.0,5068PO0022,2022-06-30,13
749,RCI-P,Regional Care Inc,2024-09-01,5068.0,RCIPRAC ATXDRNK,1.0,5068PO0064,2022-06-30,1
750,RCI-P,Regional Care Inc,2024-09-01,5068.0,RCIPRAC AWESMLF,1.0,5068PO0068,2022-06-30,1
751,RCI-P,Regional Care Inc,2024-09-01,5068.0,RCIPRAC BENEBCG,1.0,5068PO0024,2022-06-30,16
752,RCI-P,Regional Care Inc,2024-09-01,5068.0,RCIPRAC BIGCITY,1.0,5068PO0049,2022-06-30,5
753,RCI-P,Regional Care Inc,2024-09-01,5068.0,RCIPRAC DXSIGNS,1.0,5068PO0062,2022-06-30,25
754,RCI-P,Regional Care Inc,2024-09-01,5068.0,RCIPRAC KAWOLFE,1.0,5068PO0022,2022-06-30,6
755,RCI-P,Regional Care Inc,2024-09-01,5068.0,RCIPRAC MAGPIES,1.0,5068PO0023,2022-06-30,1
756,RCI-P,Regional Care Inc,2024-09-01,5068.0,RCIPRAC MYLPLMR,1.0,5068PO0067,2022-06-30,2
757,RCI-P,Regional Care Inc,2024-10-01,5068.0,RCIPRAC ATXDRNK,1.0,5068PO0064,2022-06-30,2
758,RCI-P,Regional Care Inc,2024-10-01,5068.0,RCIPRAC BENEBCG,1.0,5068PO0024,2022-06-30,2
759,RCI-P,Regional Care Inc,2024-10-01,5068.0,RCIPRAC BIGCITY,1.0,5068PO0049,2022-06-30,7
760,RCI-P,Regional Care Inc,2024-10-01,5068.0,RCIPRAC DXSIGNS,1.0,5068PO0062,2022-06-30,13
761,RCI-P,Regional Care Inc,2024-10-01,5068.0,RCIPRAC KAWOLFE,1.0,5068PO0022,2022-06-30,75
762,RCI-P,Regional Care Inc,2024-11-01,5068.0,RCIPRAC ATXDRNK,1.0,5068PO0064,2022-06-30,4
763,RCI-P,Regional Care Inc,2024-11-01,5068.0,RCIPRAC BENEBCG,1.0,5068PO0024,2022-06-30,3
764,RCI-P,Regional Care Inc,2024-11-01,5068.0,RCIPRAC BIGCITY,1.0,5068PO0049,2022-06-30,14
765,RCI-P,Regional Care Inc,2024-11-01,5068.0,RCIPRAC DXSIGNS,1.0,5068PO0062,2022-06-30,6
766,RCI-P,Regional Care Inc,2024-11-01,5068.0,RCIPRAC KAWOLFE,1.0,5068PO0022,2022-06-30,30
767,RCI-P,Regional Care Inc,2024-11-01,5068.0,RCIPRAC MYLPLMR,1.0,5068PO0067,2022-06-30,3
768,RCI-P,Regional Care Inc,2024-12-01,5068.0,RCIPRAC BENEBCG,1.0,5068PO0024,2022-06-30,1
769,RCI-P,Regional Care Inc,2024-12-01,5068.0,RCIPRAC BIGCITY,1.0,5068PO0049,2022-06-30,6
770,RCI-P,Regional Care Inc,2024-12-01,5068.0,RCIPRAC DXSIGNS,1.0,5068PO0062,2022-06-30,1
771,RCI-P,Regional Care Inc,2024-12-01,5068.0,RCIPRAC KAWOLFE,1.0,5068PO0022,2022-06-30,50
772,RCI-P,Regional Care Inc,2024-12-01,5068.0,RCIPRAC MYLPLMR,1.0,5068PO0067,2022-06-30,1
773,RCI-P,Regional Care Inc,2025-01-01,5068.0,RCIPRAC ATXDRNK,1.0,5068PO0064,2022-06-30,3
774,RCI-P,Regional Care Inc,2025-01-01,5068.0,RCIPRAC AWESMLF,1.0,5068PO0068,2022-06-30,1
775,RCI-P,Regional Care Inc,2025-01-01,5068.0,RCIPRAC BENEBCG,1.0,5068PO0024,2022-06-30,2
776,RCI-P,Regional Care Inc,2025-01-01,5068.0,RCIPRAC BIGCITY,1.0,5068PO0049,2022-06-30,10
777,RCI-P,Regional Care Inc,2025-01-01,5068.0,RCIPRAC DXSIGNS,1.0,5068PO0062,2022-06-30,28
778,RCI-P,Regional Care Inc,2025-01-01,5068.0,RCIPRAC KAWOLFE,1.0,5068PO0022,2022-06-30,32
779,RCI-P,Regional Care Inc,2025-01-01,5068.0,RCIPRAC MYLPLMR,1.0,5068PO0067,2022-06-30,1
780,RCI-P,Regional Care Inc,2025-02-01,5068.0,RCIPRAC BENEBCG,1.0,5068PO0024,2022-06-30,2
781,RCI-P,Regional Care Inc,2025-02-01,5068.0,RCIPRAC BIGCITY,1.0,5068PO0049,2022-06-30,6
782,RCI-P,Regional Care Inc,2025-02-01,5068.0,RCIPRAC DXSIGNS,1.0,5068PO0062,2022-06-30,17
783,RCI-P,Regional Care Inc,2025-02-01,5068.0,RCIPRAC KAWOLFE,1.0,5068PO0022,2022-06-30,48
784,RCI-P,Regional Care Inc,2025-03-01,5068.0,RCIPRAC ATXDRNK,1.0,5068PO0064,2022-06-30,1
785,RCI-P,Regional Care Inc,2025-03-01,5068.0,RCIPRAC BENEBCG,1.0,5068PO0024,2022-06-30,1
786,RCI-P,Regional Care Inc,2025-03-01,5068.0,RCIPRAC BIGCITY,1.0,5068PO0049,2022-06-30,4
787,RCI-P,Regional Care Inc,2025-03-01,5068.0,RCIPRAC DXSIGNS,1.0,5068PO0062,2022-06-30,7
788,RCI-P,Regional Care Inc,2025-03-01,5068.0,RCIPRAC KAWOLFE,1.0,5068PO0022,2022-06-30,72
789,RCI-P,Regional Care Inc,2025-04-01,5068.0,RCIPRAC BIGCITY,1.0,5068PO0049,2022-06-30,1
790,RCI-P,Regional Care Inc,2025-04-01,5068.0,RCIPRAC DXSIGNS,1.0,5068PO0062,2022-06-30,4
791,RCI-P,Regional Care Inc,2025-04-01,5068.0,RCIPRAC KAWOLFE,1.0,5068PO0022,2022-06-30,1
